ISO-10303-21;
HEADER;
FILE_DESCRIPTION(('FreeCAD Model'),'2;1');
FILE_NAME('Open CASCADE Shape Model','2026-03-05T11:41:13',('Author'),(
    ''),'Open CASCADE STEP processor 7.8','FreeCAD','Unknown');
FILE_SCHEMA(('AUTOMOTIVE_DESIGN { 1 0 10303 214 1 1 1 1 }'));
ENDSEC;
DATA;
#1 = APPLICATION_PROTOCOL_DEFINITION('international standard',
  'automotive_design',2000,#2);
#2 = APPLICATION_CONTEXT(
  'core data for automotive mechanical design processes');
#3 = SHAPE_DEFINITION_REPRESENTATION(#4,#10);
#4 = PRODUCT_DEFINITION_SHAPE('','',#5);
#5 = PRODUCT_DEFINITION('design','',#6,#9);
#6 = PRODUCT_DEFINITION_FORMATION('','',#7);
#7 = PRODUCT('Part','Part','',(#8));
#8 = PRODUCT_CONTEXT('',#2,'mechanical');
#9 = PRODUCT_DEFINITION_CONTEXT('part definition',#2,'design');
#10 = SHAPE_REPRESENTATION('',(#11,#15,#19,#23,#27),#31);
#11 = AXIS2_PLACEMENT_3D('',#12,#13,#14);
#12 = CARTESIAN_POINT('',(0.,0.,0.));
#13 = DIRECTION('',(0.,0.,1.));
#14 = DIRECTION('',(1.,0.,-0.));
#15 = AXIS2_PLACEMENT_3D('',#16,#17,#18);
#16 = CARTESIAN_POINT('',(0.,0.,0.));
#17 = DIRECTION('',(0.,0.,1.));
#18 = DIRECTION('',(1.,0.,0.));
#19 = AXIS2_PLACEMENT_3D('',#20,#21,#22);
#20 = CARTESIAN_POINT('',(0.,0.,0.));
#21 = DIRECTION('',(0.,0.,1.));
#22 = DIRECTION('',(1.,0.,0.));
#23 = AXIS2_PLACEMENT_3D('',#24,#25,#26);
#24 = CARTESIAN_POINT('',(0.,0.,0.));
#25 = DIRECTION('',(0.,0.,1.));
#26 = DIRECTION('',(1.,0.,0.));
#27 = AXIS2_PLACEMENT_3D('',#28,#29,#30);
#28 = CARTESIAN_POINT('',(0.,0.,0.));
#29 = DIRECTION('',(0.,0.,1.));
#30 = DIRECTION('',(1.,0.,0.));
#31 = ( GEOMETRIC_REPRESENTATION_CONTEXT(3) 
GLOBAL_UNCERTAINTY_ASSIGNED_CONTEXT((#35)) GLOBAL_UNIT_ASSIGNED_CONTEXT(
(#32,#33,#34)) REPRESENTATION_CONTEXT('Context #1',
  '3D Context with UNIT and UNCERTAINTY') );
#32 = ( LENGTH_UNIT() NAMED_UNIT(*) SI_UNIT(.MILLI.,.METRE.) );
#33 = ( NAMED_UNIT(*) PLANE_ANGLE_UNIT() SI_UNIT($,.RADIAN.) );
#34 = ( NAMED_UNIT(*) SI_UNIT($,.STERADIAN.) SOLID_ANGLE_UNIT() );
#35 = UNCERTAINTY_MEASURE_WITH_UNIT(LENGTH_MEASURE(2.E-06),#32,
  'distance_accuracy_value','confusion accuracy');
#36 = PRODUCT_RELATED_PRODUCT_CATEGORY('part',$,(#7));
#37 = SHAPE_DEFINITION_REPRESENTATION(#38,#44);
#38 = PRODUCT_DEFINITION_SHAPE('','',#39);
#39 = PRODUCT_DEFINITION('design','',#40,#43);
#40 = PRODUCT_DEFINITION_FORMATION('','',#41);
#41 = PRODUCT('Body','Body','',(#42));
#42 = PRODUCT_CONTEXT('',#2,'mechanical');
#43 = PRODUCT_DEFINITION_CONTEXT('part definition',#2,'design');
#44 = ADVANCED_BREP_SHAPE_REPRESENTATION('',(#11,#45),#1763);
#45 = MANIFOLD_SOLID_BREP('',#46);
#46 = CLOSED_SHELL('',(#47,#80,#333,#399,#454,#478,#502,#567,#591,#615,
    #639,#688,#723,#754,#830,#847,#871,#911,#960,#971,#995,#1006,#1055,
    #1120,#1144,#1168,#1199,#1241,#1266,#1291,#1307,#1330,#1346,#1366,
    #1378,#1430,#1447,#1531,#1543,#1592,#1604,#1616,#1635,#1654,#1666,
    #1678,#1687,#1696,#1735,#1749));
#47 = ADVANCED_FACE('',(#48),#75,.F.);
#48 = FACE_BOUND('',#49,.F.);
#49 = EDGE_LOOP('',(#50,#60,#68));
#50 = ORIENTED_EDGE('',*,*,#51,.F.);
#51 = EDGE_CURVE('',#52,#54,#56,.T.);
#52 = VERTEX_POINT('',#53);
#53 = CARTESIAN_POINT('',(-3.,-5.5,0.));
#54 = VERTEX_POINT('',#55);
#55 = CARTESIAN_POINT('',(-1.658312395178,-5.5,-5.E-15));
#56 = LINE('',#57,#58);
#57 = CARTESIAN_POINT('',(-3.,-5.5,0.));
#58 = VECTOR('',#59,1.);
#59 = DIRECTION('',(1.,0.,0.));
#60 = ORIENTED_EDGE('',*,*,#61,.T.);
#61 = EDGE_CURVE('',#52,#62,#64,.T.);
#62 = VERTEX_POINT('',#63);
#63 = CARTESIAN_POINT('',(-3.,-5.5,2.5));
#64 = LINE('',#65,#66);
#65 = CARTESIAN_POINT('',(-3.,-5.5,0.));
#66 = VECTOR('',#67,1.);
#67 = DIRECTION('',(0.,0.,1.));
#68 = ORIENTED_EDGE('',*,*,#69,.T.);
#69 = EDGE_CURVE('',#62,#54,#70,.T.);
#70 = CIRCLE('',#71,3.);
#71 = AXIS2_PLACEMENT_3D('',#72,#73,#74);
#72 = CARTESIAN_POINT('',(0.,-5.5,2.5));
#73 = DIRECTION('',(0.,-1.,0.));
#74 = DIRECTION('',(1.,0.,0.));
#75 = PLANE('',#76);
#76 = AXIS2_PLACEMENT_3D('',#77,#78,#79);
#77 = CARTESIAN_POINT('',(-3.,-5.5,0.));
#78 = DIRECTION('',(0.,1.,0.));
#79 = DIRECTION('',(1.,0.,0.));
#80 = ADVANCED_FACE('',(#81,#306,#317),#328,.F.);
#81 = FACE_BOUND('',#82,.F.);
#82 = EDGE_LOOP('',(#83,#93,#101,#109,#117,#125,#133,#141,#147,#148,#156
    ,#164,#172,#180,#188,#196,#204,#212,#220,#228,#236,#244,#252,#260,
    #268,#276,#284,#292,#300));
#83 = ORIENTED_EDGE('',*,*,#84,.F.);
#84 = EDGE_CURVE('',#85,#87,#89,.T.);
#85 = VERTEX_POINT('',#86);
#86 = CARTESIAN_POINT('',(-3.,2.5,0.));
#87 = VERTEX_POINT('',#88);
#88 = CARTESIAN_POINT('',(-1.9,2.5,0.));
#89 = LINE('',#90,#91);
#90 = CARTESIAN_POINT('',(-1.5,2.5,0.));
#91 = VECTOR('',#92,1.);
#92 = DIRECTION('',(1.,0.,0.));
#93 = ORIENTED_EDGE('',*,*,#94,.T.);
#94 = EDGE_CURVE('',#85,#95,#97,.T.);
#95 = VERTEX_POINT('',#96);
#96 = CARTESIAN_POINT('',(-3.,0.199999999998,0.));
#97 = LINE('',#98,#99);
#98 = CARTESIAN_POINT('',(-3.,5.5,0.));
#99 = VECTOR('',#100,1.);
#100 = DIRECTION('',(0.,-1.,0.));
#101 = ORIENTED_EDGE('',*,*,#102,.T.);
#102 = EDGE_CURVE('',#95,#103,#105,.T.);
#103 = VERTEX_POINT('',#104);
#104 = CARTESIAN_POINT('',(-2.1,0.2,0.));
#105 = LINE('',#106,#107);
#106 = CARTESIAN_POINT('',(-2.3,0.2,0.));
#107 = VECTOR('',#108,1.);
#108 = DIRECTION('',(1.,0.,0.));
#109 = ORIENTED_EDGE('',*,*,#110,.F.);
#110 = EDGE_CURVE('',#111,#103,#113,.T.);
#111 = VERTEX_POINT('',#112);
#112 = CARTESIAN_POINT('',(-2.1,-1.799999999997,0.));
#113 = LINE('',#114,#115);
#114 = CARTESIAN_POINT('',(-2.1,-0.899999999999,0.));
#115 = VECTOR('',#116,1.);
#116 = DIRECTION('',(0.,1.,0.));
#117 = ORIENTED_EDGE('',*,*,#118,.F.);
#118 = EDGE_CURVE('',#119,#111,#121,.T.);
#119 = VERTEX_POINT('',#120);
#120 = CARTESIAN_POINT('',(-2.3,-1.799999999997,0.));
#121 = LINE('',#122,#123);
#122 = CARTESIAN_POINT('',(-1.15,-1.799999999997,0.));
#123 = VECTOR('',#124,1.);
#124 = DIRECTION('',(1.,0.,0.));
#125 = ORIENTED_EDGE('',*,*,#126,.F.);
#126 = EDGE_CURVE('',#127,#119,#129,.T.);
#127 = VERTEX_POINT('',#128);
#128 = CARTESIAN_POINT('',(-2.3,-0.800000000002,0.));
#129 = LINE('',#130,#131);
#130 = CARTESIAN_POINT('',(-2.3,-0.400000000001,0.));
#131 = VECTOR('',#132,1.);
#132 = DIRECTION('',(0.,-1.,0.));
#133 = ORIENTED_EDGE('',*,*,#134,.T.);
#134 = EDGE_CURVE('',#127,#135,#137,.T.);
#135 = VERTEX_POINT('',#136);
#136 = CARTESIAN_POINT('',(-3.,-0.800000000002,0.));
#137 = LINE('',#138,#139);
#138 = CARTESIAN_POINT('',(-2.3,-0.800000000002,0.));
#139 = VECTOR('',#140,1.);
#140 = DIRECTION('',(-1.,0.,0.));
#141 = ORIENTED_EDGE('',*,*,#142,.T.);
#142 = EDGE_CURVE('',#135,#52,#143,.T.);
#143 = LINE('',#144,#145);
#144 = CARTESIAN_POINT('',(-3.,5.5,0.));
#145 = VECTOR('',#146,1.);
#146 = DIRECTION('',(0.,-1.,0.));
#147 = ORIENTED_EDGE('',*,*,#51,.T.);
#148 = ORIENTED_EDGE('',*,*,#149,.T.);
#149 = EDGE_CURVE('',#54,#150,#152,.T.);
#150 = VERTEX_POINT('',#151);
#151 = CARTESIAN_POINT('',(-2.043568032302E-14,-5.5,-4.440892098501E-16)
  );
#152 = LINE('',#153,#154);
#153 = CARTESIAN_POINT('',(-3.,-5.5,0.));
#154 = VECTOR('',#155,1.);
#155 = DIRECTION('',(1.,0.,0.));
#156 = ORIENTED_EDGE('',*,*,#157,.T.);
#157 = EDGE_CURVE('',#150,#158,#160,.T.);
#158 = VERTEX_POINT('',#159);
#159 = CARTESIAN_POINT('',(1.658312395178,-5.5,-1.9E-14));
#160 = LINE('',#161,#162);
#161 = CARTESIAN_POINT('',(-3.,-5.5,0.));
#162 = VECTOR('',#163,1.);
#163 = DIRECTION('',(1.,0.,0.));
#164 = ORIENTED_EDGE('',*,*,#165,.T.);
#165 = EDGE_CURVE('',#158,#166,#168,.T.);
#166 = VERTEX_POINT('',#167);
#167 = CARTESIAN_POINT('',(3.,-5.5,0.));
#168 = LINE('',#169,#170);
#169 = CARTESIAN_POINT('',(-3.,-5.5,0.));
#170 = VECTOR('',#171,1.);
#171 = DIRECTION('',(1.,0.,0.));
#172 = ORIENTED_EDGE('',*,*,#173,.T.);
#173 = EDGE_CURVE('',#166,#174,#176,.T.);
#174 = VERTEX_POINT('',#175);
#175 = CARTESIAN_POINT('',(3.,-4.7,0.));
#176 = LINE('',#177,#178);
#177 = CARTESIAN_POINT('',(3.,-5.5,0.));
#178 = VECTOR('',#179,1.);
#179 = DIRECTION('',(0.,1.,0.));
#180 = ORIENTED_EDGE('',*,*,#181,.T.);
#181 = EDGE_CURVE('',#174,#182,#184,.T.);
#182 = VERTEX_POINT('',#183);
#183 = CARTESIAN_POINT('',(2.1,-4.7,0.));
#184 = LINE('',#185,#186);
#185 = CARTESIAN_POINT('',(2.3,-4.7,0.));
#186 = VECTOR('',#187,1.);
#187 = DIRECTION('',(-1.,0.,0.));
#188 = ORIENTED_EDGE('',*,*,#189,.T.);
#189 = EDGE_CURVE('',#182,#190,#192,.T.);
#190 = VERTEX_POINT('',#191);
#191 = CARTESIAN_POINT('',(2.1,-2.7,0.));
#192 = LINE('',#193,#194);
#193 = CARTESIAN_POINT('',(2.1,-1.85,0.));
#194 = VECTOR('',#195,1.);
#195 = DIRECTION('',(0.,1.,0.));
#196 = ORIENTED_EDGE('',*,*,#197,.T.);
#197 = EDGE_CURVE('',#190,#198,#200,.T.);
#198 = VERTEX_POINT('',#199);
#199 = CARTESIAN_POINT('',(2.3,-2.7,0.));
#200 = LINE('',#201,#202);
#201 = CARTESIAN_POINT('',(1.05,-2.7,0.));
#202 = VECTOR('',#203,1.);
#203 = DIRECTION('',(1.,0.,0.));
#204 = ORIENTED_EDGE('',*,*,#205,.T.);
#205 = EDGE_CURVE('',#198,#206,#208,.T.);
#206 = VERTEX_POINT('',#207);
#207 = CARTESIAN_POINT('',(2.3,-3.7,0.));
#208 = LINE('',#209,#210);
#209 = CARTESIAN_POINT('',(2.3,-1.35,0.));
#210 = VECTOR('',#211,1.);
#211 = DIRECTION('',(0.,-1.,0.));
#212 = ORIENTED_EDGE('',*,*,#213,.T.);
#213 = EDGE_CURVE('',#206,#214,#216,.T.);
#214 = VERTEX_POINT('',#215);
#215 = CARTESIAN_POINT('',(3.,-3.7,0.));
#216 = LINE('',#217,#218);
#217 = CARTESIAN_POINT('',(2.3,-3.7,0.));
#218 = VECTOR('',#219,1.);
#219 = DIRECTION('',(1.,0.,0.));
#220 = ORIENTED_EDGE('',*,*,#221,.T.);
#221 = EDGE_CURVE('',#214,#222,#224,.T.);
#222 = VERTEX_POINT('',#223);
#223 = CARTESIAN_POINT('',(3.,2.3,0.));
#224 = LINE('',#225,#226);
#225 = CARTESIAN_POINT('',(3.,-5.5,0.));
#226 = VECTOR('',#227,1.);
#227 = DIRECTION('',(0.,1.,0.));
#228 = ORIENTED_EDGE('',*,*,#229,.T.);
#229 = EDGE_CURVE('',#222,#230,#232,.T.);
#230 = VERTEX_POINT('',#231);
#231 = CARTESIAN_POINT('',(2.1,2.3,0.));
#232 = LINE('',#233,#234);
#233 = CARTESIAN_POINT('',(2.3,2.3,0.));
#234 = VECTOR('',#235,1.);
#235 = DIRECTION('',(-1.,0.,0.));
#236 = ORIENTED_EDGE('',*,*,#237,.F.);
#237 = EDGE_CURVE('',#238,#230,#240,.T.);
#238 = VERTEX_POINT('',#239);
#239 = CARTESIAN_POINT('',(2.1,4.3,0.));
#240 = LINE('',#241,#242);
#241 = CARTESIAN_POINT('',(2.1,2.15,0.));
#242 = VECTOR('',#243,1.);
#243 = DIRECTION('',(0.,-1.,0.));
#244 = ORIENTED_EDGE('',*,*,#245,.F.);
#245 = EDGE_CURVE('',#246,#238,#248,.T.);
#246 = VERTEX_POINT('',#247);
#247 = CARTESIAN_POINT('',(2.3,4.3,0.));
#248 = LINE('',#249,#250);
#249 = CARTESIAN_POINT('',(1.15,4.3,0.));
#250 = VECTOR('',#251,1.);
#251 = DIRECTION('',(-1.,0.,0.));
#252 = ORIENTED_EDGE('',*,*,#253,.F.);
#253 = EDGE_CURVE('',#254,#246,#256,.T.);
#254 = VERTEX_POINT('',#255);
#255 = CARTESIAN_POINT('',(2.3,3.3,0.));
#256 = LINE('',#257,#258);
#257 = CARTESIAN_POINT('',(2.3,1.65,0.));
#258 = VECTOR('',#259,1.);
#259 = DIRECTION('',(0.,1.,0.));
#260 = ORIENTED_EDGE('',*,*,#261,.T.);
#261 = EDGE_CURVE('',#254,#262,#264,.T.);
#262 = VERTEX_POINT('',#263);
#263 = CARTESIAN_POINT('',(3.,3.3,0.));
#264 = LINE('',#265,#266);
#265 = CARTESIAN_POINT('',(2.3,3.3,0.));
#266 = VECTOR('',#267,1.);
#267 = DIRECTION('',(1.,0.,0.));
#268 = ORIENTED_EDGE('',*,*,#269,.T.);
#269 = EDGE_CURVE('',#262,#270,#272,.T.);
#270 = VERTEX_POINT('',#271);
#271 = CARTESIAN_POINT('',(3.,5.5,0.));
#272 = LINE('',#273,#274);
#273 = CARTESIAN_POINT('',(3.,-5.5,0.));
#274 = VECTOR('',#275,1.);
#275 = DIRECTION('',(0.,1.,0.));
#276 = ORIENTED_EDGE('',*,*,#277,.T.);
#277 = EDGE_CURVE('',#270,#278,#280,.T.);
#278 = VERTEX_POINT('',#279);
#279 = CARTESIAN_POINT('',(-3.,5.5,0.));
#280 = LINE('',#281,#282);
#281 = CARTESIAN_POINT('',(3.,5.5,0.));
#282 = VECTOR('',#283,1.);
#283 = DIRECTION('',(-1.,0.,0.));
#284 = ORIENTED_EDGE('',*,*,#285,.T.);
#285 = EDGE_CURVE('',#278,#286,#288,.T.);
#286 = VERTEX_POINT('',#287);
#287 = CARTESIAN_POINT('',(-3.,4.5,0.));
#288 = LINE('',#289,#290);
#289 = CARTESIAN_POINT('',(-3.,5.5,0.));
#290 = VECTOR('',#291,1.);
#291 = DIRECTION('',(0.,-1.,0.));
#292 = ORIENTED_EDGE('',*,*,#293,.F.);
#293 = EDGE_CURVE('',#294,#286,#296,.T.);
#294 = VERTEX_POINT('',#295);
#295 = CARTESIAN_POINT('',(-1.9,4.5,0.));
#296 = LINE('',#297,#298);
#297 = CARTESIAN_POINT('',(-0.95,4.5,0.));
#298 = VECTOR('',#299,1.);
#299 = DIRECTION('',(-1.,0.,0.));
#300 = ORIENTED_EDGE('',*,*,#301,.F.);
#301 = EDGE_CURVE('',#87,#294,#302,.T.);
#302 = LINE('',#303,#304);
#303 = CARTESIAN_POINT('',(-1.9,1.25,0.));
#304 = VECTOR('',#305,1.);
#305 = DIRECTION('',(0.,1.,0.));
#306 = FACE_BOUND('',#307,.F.);
#307 = EDGE_LOOP('',(#308));
#308 = ORIENTED_EDGE('',*,*,#309,.T.);
#309 = EDGE_CURVE('',#310,#310,#312,.T.);
#310 = VERTEX_POINT('',#311);
#311 = CARTESIAN_POINT('',(0.4,-3.2,0.));
#312 = CIRCLE('',#313,0.4);
#313 = AXIS2_PLACEMENT_3D('',#314,#315,#316);
#314 = CARTESIAN_POINT('',(0.,-3.2,0.));
#315 = DIRECTION('',(0.,0.,-1.));
#316 = DIRECTION('',(1.,0.,0.));
#317 = FACE_BOUND('',#318,.F.);
#318 = EDGE_LOOP('',(#319));
#319 = ORIENTED_EDGE('',*,*,#320,.T.);
#320 = EDGE_CURVE('',#321,#321,#323,.T.);
#321 = VERTEX_POINT('',#322);
#322 = CARTESIAN_POINT('',(0.4,2.8,0.));
#323 = CIRCLE('',#324,0.4);
#324 = AXIS2_PLACEMENT_3D('',#325,#326,#327);
#325 = CARTESIAN_POINT('',(0.,2.8,0.));
#326 = DIRECTION('',(0.,0.,-1.));
#327 = DIRECTION('',(1.,0.,0.));
#328 = PLANE('',#329);
#329 = AXIS2_PLACEMENT_3D('',#330,#331,#332);
#330 = CARTESIAN_POINT('',(0.,0.,0.));
#331 = DIRECTION('',(0.,0.,1.));
#332 = DIRECTION('',(1.,0.,0.));
#333 = ADVANCED_FACE('',(#334),#394,.T.);
#334 = FACE_BOUND('',#335,.F.);
#335 = EDGE_LOOP('',(#336,#347,#355,#362,#363,#370,#377,#378,#387));
#336 = ORIENTED_EDGE('',*,*,#337,.F.);
#337 = EDGE_CURVE('',#338,#340,#342,.T.);
#338 = VERTEX_POINT('',#339);
#339 = CARTESIAN_POINT('',(3.,-5.5,2.5));
#340 = VERTEX_POINT('',#341);
#341 = CARTESIAN_POINT('',(1.658312395178,-5.5,5.));
#342 = CIRCLE('',#343,3.);
#343 = AXIS2_PLACEMENT_3D('',#344,#345,#346);
#344 = CARTESIAN_POINT('',(0.,-5.5,2.5));
#345 = DIRECTION('',(0.,-1.,0.));
#346 = DIRECTION('',(1.,0.,0.));
#347 = ORIENTED_EDGE('',*,*,#348,.T.);
#348 = EDGE_CURVE('',#338,#349,#351,.T.);
#349 = VERTEX_POINT('',#350);
#350 = CARTESIAN_POINT('',(3.,-8.5,2.5));
#351 = LINE('',#352,#353);
#352 = CARTESIAN_POINT('',(3.,-5.5,2.5));
#353 = VECTOR('',#354,1.);
#354 = DIRECTION('',(0.,-1.,2.2E-16));
#355 = ORIENTED_EDGE('',*,*,#356,.T.);
#356 = EDGE_CURVE('',#349,#349,#357,.T.);
#357 = CIRCLE('',#358,3.);
#358 = AXIS2_PLACEMENT_3D('',#359,#360,#361);
#359 = CARTESIAN_POINT('',(0.,-8.5,2.5));
#360 = DIRECTION('',(0.,-1.,0.));
#361 = DIRECTION('',(1.,0.,0.));
#362 = ORIENTED_EDGE('',*,*,#348,.F.);
#363 = ORIENTED_EDGE('',*,*,#364,.F.);
#364 = EDGE_CURVE('',#158,#338,#365,.T.);
#365 = CIRCLE('',#366,3.);
#366 = AXIS2_PLACEMENT_3D('',#367,#368,#369);
#367 = CARTESIAN_POINT('',(0.,-5.5,2.5));
#368 = DIRECTION('',(0.,-1.,0.));
#369 = DIRECTION('',(1.,0.,0.));
#370 = ORIENTED_EDGE('',*,*,#371,.F.);
#371 = EDGE_CURVE('',#54,#158,#372,.T.);
#372 = CIRCLE('',#373,3.);
#373 = AXIS2_PLACEMENT_3D('',#374,#375,#376);
#374 = CARTESIAN_POINT('',(0.,-5.5,2.5));
#375 = DIRECTION('',(0.,-1.,0.));
#376 = DIRECTION('',(1.,0.,0.));
#377 = ORIENTED_EDGE('',*,*,#69,.F.);
#378 = ORIENTED_EDGE('',*,*,#379,.F.);
#379 = EDGE_CURVE('',#380,#62,#382,.T.);
#380 = VERTEX_POINT('',#381);
#381 = CARTESIAN_POINT('',(-1.658312395178,-5.5,5.));
#382 = CIRCLE('',#383,3.);
#383 = AXIS2_PLACEMENT_3D('',#384,#385,#386);
#384 = CARTESIAN_POINT('',(0.,-5.5,2.5));
#385 = DIRECTION('',(0.,-1.,0.));
#386 = DIRECTION('',(1.,0.,0.));
#387 = ORIENTED_EDGE('',*,*,#388,.F.);
#388 = EDGE_CURVE('',#340,#380,#389,.T.);
#389 = CIRCLE('',#390,3.);
#390 = AXIS2_PLACEMENT_3D('',#391,#392,#393);
#391 = CARTESIAN_POINT('',(0.,-5.5,2.5));
#392 = DIRECTION('',(0.,-1.,0.));
#393 = DIRECTION('',(1.,0.,0.));
#394 = CYLINDRICAL_SURFACE('',#395,3.);
#395 = AXIS2_PLACEMENT_3D('',#396,#397,#398);
#396 = CARTESIAN_POINT('',(0.,-5.5,2.5));
#397 = DIRECTION('',(0.,1.,-2.2E-16));
#398 = DIRECTION('',(1.,0.,0.));
#399 = ADVANCED_FACE('',(#400),#449,.F.);
#400 = FACE_BOUND('',#401,.F.);
#401 = EDGE_LOOP('',(#402,#403,#411,#419,#425,#426,#427,#435,#443));
#402 = ORIENTED_EDGE('',*,*,#94,.F.);
#403 = ORIENTED_EDGE('',*,*,#404,.F.);
#404 = EDGE_CURVE('',#405,#85,#407,.T.);
#405 = VERTEX_POINT('',#406);
#406 = CARTESIAN_POINT('',(-3.,2.5,5.));
#407 = LINE('',#408,#409);
#408 = CARTESIAN_POINT('',(-3.,2.5,5.));
#409 = VECTOR('',#410,1.);
#410 = DIRECTION('',(-0.,-0.,-1.));
#411 = ORIENTED_EDGE('',*,*,#412,.T.);
#412 = EDGE_CURVE('',#405,#413,#415,.T.);
#413 = VERTEX_POINT('',#414);
#414 = CARTESIAN_POINT('',(-3.,-5.5,5.));
#415 = LINE('',#416,#417);
#416 = CARTESIAN_POINT('',(-3.,5.5,5.));
#417 = VECTOR('',#418,1.);
#418 = DIRECTION('',(0.,-1.,0.));
#419 = ORIENTED_EDGE('',*,*,#420,.F.);
#420 = EDGE_CURVE('',#62,#413,#421,.T.);
#421 = LINE('',#422,#423);
#422 = CARTESIAN_POINT('',(-3.,-5.5,0.));
#423 = VECTOR('',#424,1.);
#424 = DIRECTION('',(0.,0.,1.));
#425 = ORIENTED_EDGE('',*,*,#61,.F.);
#426 = ORIENTED_EDGE('',*,*,#142,.F.);
#427 = ORIENTED_EDGE('',*,*,#428,.T.);
#428 = EDGE_CURVE('',#135,#429,#431,.T.);
#429 = VERTEX_POINT('',#430);
#430 = CARTESIAN_POINT('',(-3.,-0.800000000002,2.));
#431 = LINE('',#432,#433);
#432 = CARTESIAN_POINT('',(-3.,-0.800000000002,0.));
#433 = VECTOR('',#434,1.);
#434 = DIRECTION('',(0.,0.,1.));
#435 = ORIENTED_EDGE('',*,*,#436,.T.);
#436 = EDGE_CURVE('',#429,#437,#439,.T.);
#437 = VERTEX_POINT('',#438);
#438 = CARTESIAN_POINT('',(-3.,0.199999999998,2.));
#439 = LINE('',#440,#441);
#440 = CARTESIAN_POINT('',(-3.,-0.800000000002,2.));
#441 = VECTOR('',#442,1.);
#442 = DIRECTION('',(0.,1.,0.));
#443 = ORIENTED_EDGE('',*,*,#444,.F.);
#444 = EDGE_CURVE('',#95,#437,#445,.T.);
#445 = LINE('',#446,#447);
#446 = CARTESIAN_POINT('',(-3.,0.199999999998,0.));
#447 = VECTOR('',#448,1.);
#448 = DIRECTION('',(0.,0.,1.));
#449 = PLANE('',#450);
#450 = AXIS2_PLACEMENT_3D('',#451,#452,#453);
#451 = CARTESIAN_POINT('',(-3.,5.5,0.));
#452 = DIRECTION('',(1.,0.,0.));
#453 = DIRECTION('',(0.,-1.,0.));
#454 = ADVANCED_FACE('',(#455),#473,.F.);
#455 = FACE_BOUND('',#456,.F.);
#456 = EDGE_LOOP('',(#457,#465,#466,#467));
#457 = ORIENTED_EDGE('',*,*,#458,.F.);
#458 = EDGE_CURVE('',#405,#459,#461,.T.);
#459 = VERTEX_POINT('',#460);
#460 = CARTESIAN_POINT('',(-1.9,2.5,5.));
#461 = LINE('',#462,#463);
#462 = CARTESIAN_POINT('',(-3.,2.5,5.));
#463 = VECTOR('',#464,1.);
#464 = DIRECTION('',(1.,0.,0.));
#465 = ORIENTED_EDGE('',*,*,#404,.T.);
#466 = ORIENTED_EDGE('',*,*,#84,.T.);
#467 = ORIENTED_EDGE('',*,*,#468,.F.);
#468 = EDGE_CURVE('',#459,#87,#469,.T.);
#469 = LINE('',#470,#471);
#470 = CARTESIAN_POINT('',(-1.9,2.5,5.));
#471 = VECTOR('',#472,1.);
#472 = DIRECTION('',(-0.,-0.,-1.));
#473 = PLANE('',#474);
#474 = AXIS2_PLACEMENT_3D('',#475,#476,#477);
#475 = CARTESIAN_POINT('',(-3.,2.5,5.));
#476 = DIRECTION('',(0.,-1.,0.));
#477 = DIRECTION('',(1.,0.,0.));
#478 = ADVANCED_FACE('',(#479),#497,.F.);
#479 = FACE_BOUND('',#480,.F.);
#480 = EDGE_LOOP('',(#481,#489,#490,#491));
#481 = ORIENTED_EDGE('',*,*,#482,.F.);
#482 = EDGE_CURVE('',#459,#483,#485,.T.);
#483 = VERTEX_POINT('',#484);
#484 = CARTESIAN_POINT('',(-1.9,4.5,5.));
#485 = LINE('',#486,#487);
#486 = CARTESIAN_POINT('',(-1.9,2.5,5.));
#487 = VECTOR('',#488,1.);
#488 = DIRECTION('',(0.,1.,0.));
#489 = ORIENTED_EDGE('',*,*,#468,.T.);
#490 = ORIENTED_EDGE('',*,*,#301,.T.);
#491 = ORIENTED_EDGE('',*,*,#492,.F.);
#492 = EDGE_CURVE('',#483,#294,#493,.T.);
#493 = LINE('',#494,#495);
#494 = CARTESIAN_POINT('',(-1.9,4.5,5.));
#495 = VECTOR('',#496,1.);
#496 = DIRECTION('',(-0.,-0.,-1.));
#497 = PLANE('',#498);
#498 = AXIS2_PLACEMENT_3D('',#499,#500,#501);
#499 = CARTESIAN_POINT('',(-1.9,2.5,5.));
#500 = DIRECTION('',(1.,0.,0.));
#501 = DIRECTION('',(0.,1.,0.));
#502 = ADVANCED_FACE('',(#503),#562,.T.);
#503 = FACE_BOUND('',#504,.T.);
#504 = EDGE_LOOP('',(#505,#506,#514,#522,#531,#539,#547,#555,#561));
#505 = ORIENTED_EDGE('',*,*,#102,.T.);
#506 = ORIENTED_EDGE('',*,*,#507,.T.);
#507 = EDGE_CURVE('',#103,#508,#510,.T.);
#508 = VERTEX_POINT('',#509);
#509 = CARTESIAN_POINT('',(-2.1,0.2,3.));
#510 = LINE('',#511,#512);
#511 = CARTESIAN_POINT('',(-2.1,0.2,0.));
#512 = VECTOR('',#513,1.);
#513 = DIRECTION('',(0.,0.,1.));
#514 = ORIENTED_EDGE('',*,*,#515,.F.);
#515 = EDGE_CURVE('',#516,#508,#518,.T.);
#516 = VERTEX_POINT('',#517);
#517 = CARTESIAN_POINT('',(-1.677050983125,0.2,3.));
#518 = LINE('',#519,#520);
#519 = CARTESIAN_POINT('',(-0.8,0.2,3.));
#520 = VECTOR('',#521,1.);
#521 = DIRECTION('',(-1.,0.,0.));
#522 = ORIENTED_EDGE('',*,*,#523,.F.);
#523 = EDGE_CURVE('',#524,#516,#526,.T.);
#524 = VERTEX_POINT('',#525);
#525 = CARTESIAN_POINT('',(-0.8,0.2,4.056438241627));
#526 = CIRCLE('',#527,1.75);
#527 = AXIS2_PLACEMENT_3D('',#528,#529,#530);
#528 = CARTESIAN_POINT('',(0.,0.2,2.5));
#529 = DIRECTION('',(0.,-1.,2.2E-16));
#530 = DIRECTION('',(1.,0.,0.));
#531 = ORIENTED_EDGE('',*,*,#532,.F.);
#532 = EDGE_CURVE('',#533,#524,#535,.T.);
#533 = VERTEX_POINT('',#534);
#534 = CARTESIAN_POINT('',(-0.8,0.2,5.));
#535 = LINE('',#536,#537);
#536 = CARTESIAN_POINT('',(-0.8,0.2,5.));
#537 = VECTOR('',#538,1.);
#538 = DIRECTION('',(-0.,-0.,-1.));
#539 = ORIENTED_EDGE('',*,*,#540,.T.);
#540 = EDGE_CURVE('',#533,#541,#543,.T.);
#541 = VERTEX_POINT('',#542);
#542 = CARTESIAN_POINT('',(-2.3,0.2,5.));
#543 = LINE('',#544,#545);
#544 = CARTESIAN_POINT('',(-1.15,0.2,5.));
#545 = VECTOR('',#546,1.);
#546 = DIRECTION('',(-1.,0.,0.));
#547 = ORIENTED_EDGE('',*,*,#548,.F.);
#548 = EDGE_CURVE('',#549,#541,#551,.T.);
#549 = VERTEX_POINT('',#550);
#550 = CARTESIAN_POINT('',(-2.3,0.199999999998,2.));
#551 = LINE('',#552,#553);
#552 = CARTESIAN_POINT('',(-2.3,0.2,0.));
#553 = VECTOR('',#554,1.);
#554 = DIRECTION('',(0.,0.,1.));
#555 = ORIENTED_EDGE('',*,*,#556,.F.);
#556 = EDGE_CURVE('',#437,#549,#557,.T.);
#557 = LINE('',#558,#559);
#558 = CARTESIAN_POINT('',(-3.,0.199999999998,2.));
#559 = VECTOR('',#560,1.);
#560 = DIRECTION('',(1.,0.,0.));
#561 = ORIENTED_EDGE('',*,*,#444,.F.);
#562 = PLANE('',#563);
#563 = AXIS2_PLACEMENT_3D('',#564,#565,#566);
#564 = CARTESIAN_POINT('',(-2.094731870809,0.2,2.629474310715));
#565 = DIRECTION('',(8.493139457719E-13,-1.,2.982851498549E-14));
#566 = DIRECTION('',(-1.,-8.493139457719E-13,0.));
#567 = ADVANCED_FACE('',(#568),#586,.F.);
#568 = FACE_BOUND('',#569,.F.);
#569 = EDGE_LOOP('',(#570,#578,#579,#580));
#570 = ORIENTED_EDGE('',*,*,#571,.F.);
#571 = EDGE_CURVE('',#483,#572,#574,.T.);
#572 = VERTEX_POINT('',#573);
#573 = CARTESIAN_POINT('',(-3.,4.5,5.));
#574 = LINE('',#575,#576);
#575 = CARTESIAN_POINT('',(-1.9,4.5,5.));
#576 = VECTOR('',#577,1.);
#577 = DIRECTION('',(-1.,0.,0.));
#578 = ORIENTED_EDGE('',*,*,#492,.T.);
#579 = ORIENTED_EDGE('',*,*,#293,.T.);
#580 = ORIENTED_EDGE('',*,*,#581,.F.);
#581 = EDGE_CURVE('',#572,#286,#582,.T.);
#582 = LINE('',#583,#584);
#583 = CARTESIAN_POINT('',(-3.,4.5,5.));
#584 = VECTOR('',#585,1.);
#585 = DIRECTION('',(-0.,-0.,-1.));
#586 = PLANE('',#587);
#587 = AXIS2_PLACEMENT_3D('',#588,#589,#590);
#588 = CARTESIAN_POINT('',(-1.9,4.5,5.));
#589 = DIRECTION('',(0.,1.,0.));
#590 = DIRECTION('',(-1.,0.,0.));
#591 = ADVANCED_FACE('',(#592),#610,.T.);
#592 = FACE_BOUND('',#593,.T.);
#593 = EDGE_LOOP('',(#594,#602,#608,#609));
#594 = ORIENTED_EDGE('',*,*,#595,.F.);
#595 = EDGE_CURVE('',#596,#111,#598,.T.);
#596 = VERTEX_POINT('',#597);
#597 = CARTESIAN_POINT('',(-2.1,-1.799999999997,3.));
#598 = LINE('',#599,#600);
#599 = CARTESIAN_POINT('',(-2.1,-1.799999999997,5.));
#600 = VECTOR('',#601,1.);
#601 = DIRECTION('',(-0.,-0.,-1.));
#602 = ORIENTED_EDGE('',*,*,#603,.F.);
#603 = EDGE_CURVE('',#508,#596,#604,.T.);
#604 = LINE('',#605,#606);
#605 = CARTESIAN_POINT('',(-2.1,0.2,3.));
#606 = VECTOR('',#607,1.);
#607 = DIRECTION('',(0.,-1.,0.));
#608 = ORIENTED_EDGE('',*,*,#507,.F.);
#609 = ORIENTED_EDGE('',*,*,#110,.F.);
#610 = PLANE('',#611);
#611 = AXIS2_PLACEMENT_3D('',#612,#613,#614);
#612 = CARTESIAN_POINT('',(-2.1,-0.799999999999,2.5));
#613 = DIRECTION('',(-1.,-0.,-0.));
#614 = DIRECTION('',(0.,0.,-1.));
#615 = ADVANCED_FACE('',(#616),#634,.F.);
#616 = FACE_BOUND('',#617,.F.);
#617 = EDGE_LOOP('',(#618,#619,#627,#633));
#618 = ORIENTED_EDGE('',*,*,#285,.F.);
#619 = ORIENTED_EDGE('',*,*,#620,.T.);
#620 = EDGE_CURVE('',#278,#621,#623,.T.);
#621 = VERTEX_POINT('',#622);
#622 = CARTESIAN_POINT('',(-3.,5.5,5.));
#623 = LINE('',#624,#625);
#624 = CARTESIAN_POINT('',(-3.,5.5,0.));
#625 = VECTOR('',#626,1.);
#626 = DIRECTION('',(0.,0.,1.));
#627 = ORIENTED_EDGE('',*,*,#628,.T.);
#628 = EDGE_CURVE('',#621,#572,#629,.T.);
#629 = LINE('',#630,#631);
#630 = CARTESIAN_POINT('',(-3.,5.5,5.));
#631 = VECTOR('',#632,1.);
#632 = DIRECTION('',(0.,-1.,0.));
#633 = ORIENTED_EDGE('',*,*,#581,.T.);
#634 = PLANE('',#635);
#635 = AXIS2_PLACEMENT_3D('',#636,#637,#638);
#636 = CARTESIAN_POINT('',(-3.,5.5,0.));
#637 = DIRECTION('',(1.,0.,0.));
#638 = DIRECTION('',(0.,-1.,0.));
#639 = ADVANCED_FACE('',(#640),#683,.T.);
#640 = FACE_BOUND('',#641,.T.);
#641 = EDGE_LOOP('',(#642,#652,#660,#669,#675,#676,#677));
#642 = ORIENTED_EDGE('',*,*,#643,.T.);
#643 = EDGE_CURVE('',#644,#646,#648,.T.);
#644 = VERTEX_POINT('',#645);
#645 = CARTESIAN_POINT('',(-2.3,-1.799999999997,5.));
#646 = VERTEX_POINT('',#647);
#647 = CARTESIAN_POINT('',(-0.8,-1.799999999997,5.));
#648 = LINE('',#649,#650);
#649 = CARTESIAN_POINT('',(-2.1,-1.799999999997,5.));
#650 = VECTOR('',#651,1.);
#651 = DIRECTION('',(1.,0.,0.));
#652 = ORIENTED_EDGE('',*,*,#653,.T.);
#653 = EDGE_CURVE('',#646,#654,#656,.T.);
#654 = VERTEX_POINT('',#655);
#655 = CARTESIAN_POINT('',(-0.8,-1.799999999997,4.056438241627));
#656 = LINE('',#657,#658);
#657 = CARTESIAN_POINT('',(-0.8,-1.799999999997,5.));
#658 = VECTOR('',#659,1.);
#659 = DIRECTION('',(-0.,-0.,-1.));
#660 = ORIENTED_EDGE('',*,*,#661,.T.);
#661 = EDGE_CURVE('',#654,#662,#664,.T.);
#662 = VERTEX_POINT('',#663);
#663 = CARTESIAN_POINT('',(-1.677050983125,-1.799999999997,3.));
#664 = CIRCLE('',#665,1.75);
#665 = AXIS2_PLACEMENT_3D('',#666,#667,#668);
#666 = CARTESIAN_POINT('',(0.,-1.799999999997,2.5));
#667 = DIRECTION('',(0.,-1.,2.2E-16));
#668 = DIRECTION('',(1.,0.,0.));
#669 = ORIENTED_EDGE('',*,*,#670,.F.);
#670 = EDGE_CURVE('',#596,#662,#671,.T.);
#671 = LINE('',#672,#673);
#672 = CARTESIAN_POINT('',(-2.1,-1.799999999997,3.));
#673 = VECTOR('',#674,1.);
#674 = DIRECTION('',(1.,0.,0.));
#675 = ORIENTED_EDGE('',*,*,#595,.T.);
#676 = ORIENTED_EDGE('',*,*,#118,.F.);
#677 = ORIENTED_EDGE('',*,*,#678,.F.);
#678 = EDGE_CURVE('',#644,#119,#679,.T.);
#679 = LINE('',#680,#681);
#680 = CARTESIAN_POINT('',(-2.3,-1.799999999997,5.));
#681 = VECTOR('',#682,1.);
#682 = DIRECTION('',(-0.,-0.,-1.));
#683 = PLANE('',#684);
#684 = AXIS2_PLACEMENT_3D('',#685,#686,#687);
#685 = CARTESIAN_POINT('',(-1.920168011294,-1.799999999997,
    2.812367098988));
#686 = DIRECTION('',(0.,1.,0.));
#687 = DIRECTION('',(0.,0.,1.));
#688 = ADVANCED_FACE('',(#689,#707),#718,.F.);
#689 = FACE_BOUND('',#690,.F.);
#690 = EDGE_LOOP('',(#691,#699,#705,#706));
#691 = ORIENTED_EDGE('',*,*,#692,.T.);
#692 = EDGE_CURVE('',#270,#693,#695,.T.);
#693 = VERTEX_POINT('',#694);
#694 = CARTESIAN_POINT('',(3.,5.5,5.));
#695 = LINE('',#696,#697);
#696 = CARTESIAN_POINT('',(3.,5.5,0.));
#697 = VECTOR('',#698,1.);
#698 = DIRECTION('',(0.,0.,1.));
#699 = ORIENTED_EDGE('',*,*,#700,.T.);
#700 = EDGE_CURVE('',#693,#621,#701,.T.);
#701 = LINE('',#702,#703);
#702 = CARTESIAN_POINT('',(3.,5.5,5.));
#703 = VECTOR('',#704,1.);
#704 = DIRECTION('',(-1.,0.,0.));
#705 = ORIENTED_EDGE('',*,*,#620,.F.);
#706 = ORIENTED_EDGE('',*,*,#277,.F.);
#707 = FACE_BOUND('',#708,.F.);
#708 = EDGE_LOOP('',(#709));
#709 = ORIENTED_EDGE('',*,*,#710,.T.);
#710 = EDGE_CURVE('',#711,#711,#713,.T.);
#711 = VERTEX_POINT('',#712);
#712 = CARTESIAN_POINT('',(-1.5,5.5,2.5));
#713 = CIRCLE('',#714,1.5);
#714 = AXIS2_PLACEMENT_3D('',#715,#716,#717);
#715 = CARTESIAN_POINT('',(0.,5.5,2.5));
#716 = DIRECTION('',(0.,1.,-0.));
#717 = DIRECTION('',(-1.,0.,0.));
#718 = PLANE('',#719);
#719 = AXIS2_PLACEMENT_3D('',#720,#721,#722);
#720 = CARTESIAN_POINT('',(3.,5.5,0.));
#721 = DIRECTION('',(0.,-1.,0.));
#722 = DIRECTION('',(-1.,0.,0.));
#723 = ADVANCED_FACE('',(#724),#749,.T.);
#724 = FACE_BOUND('',#725,.T.);
#725 = EDGE_LOOP('',(#726,#732,#733,#734,#742,#748));
#726 = ORIENTED_EDGE('',*,*,#727,.T.);
#727 = EDGE_CURVE('',#541,#644,#728,.T.);
#728 = LINE('',#729,#730);
#729 = CARTESIAN_POINT('',(-2.3,-0.800000000002,5.));
#730 = VECTOR('',#731,1.);
#731 = DIRECTION('',(0.,-1.,0.));
#732 = ORIENTED_EDGE('',*,*,#678,.T.);
#733 = ORIENTED_EDGE('',*,*,#126,.F.);
#734 = ORIENTED_EDGE('',*,*,#735,.F.);
#735 = EDGE_CURVE('',#736,#127,#738,.T.);
#736 = VERTEX_POINT('',#737);
#737 = CARTESIAN_POINT('',(-2.3,-0.800000000002,2.));
#738 = LINE('',#739,#740);
#739 = CARTESIAN_POINT('',(-2.3,-0.800000000002,5.));
#740 = VECTOR('',#741,1.);
#741 = DIRECTION('',(-0.,-0.,-1.));
#742 = ORIENTED_EDGE('',*,*,#743,.F.);
#743 = EDGE_CURVE('',#549,#736,#744,.T.);
#744 = LINE('',#745,#746);
#745 = CARTESIAN_POINT('',(-2.3,0.199999999998,2.));
#746 = VECTOR('',#747,1.);
#747 = DIRECTION('',(0.,-1.,0.));
#748 = ORIENTED_EDGE('',*,*,#548,.T.);
#749 = PLANE('',#750);
#750 = AXIS2_PLACEMENT_3D('',#751,#752,#753);
#751 = CARTESIAN_POINT('',(-2.3,-0.942857142857,2.642857142857));
#752 = DIRECTION('',(1.,0.,0.));
#753 = DIRECTION('',(0.,0.,1.));
#754 = ADVANCED_FACE('',(#755),#825,.F.);
#755 = FACE_BOUND('',#756,.F.);
#756 = EDGE_LOOP('',(#757,#758,#764,#772,#778,#779,#780,#788,#796,#802,
    #803,#811,#819));
#757 = ORIENTED_EDGE('',*,*,#173,.F.);
#758 = ORIENTED_EDGE('',*,*,#759,.T.);
#759 = EDGE_CURVE('',#166,#338,#760,.T.);
#760 = LINE('',#761,#762);
#761 = CARTESIAN_POINT('',(3.,-5.5,0.));
#762 = VECTOR('',#763,1.);
#763 = DIRECTION('',(0.,0.,1.));
#764 = ORIENTED_EDGE('',*,*,#765,.T.);
#765 = EDGE_CURVE('',#338,#766,#768,.T.);
#766 = VERTEX_POINT('',#767);
#767 = CARTESIAN_POINT('',(3.,-5.5,5.));
#768 = LINE('',#769,#770);
#769 = CARTESIAN_POINT('',(3.,-5.5,0.));
#770 = VECTOR('',#771,1.);
#771 = DIRECTION('',(0.,0.,1.));
#772 = ORIENTED_EDGE('',*,*,#773,.T.);
#773 = EDGE_CURVE('',#766,#693,#774,.T.);
#774 = LINE('',#775,#776);
#775 = CARTESIAN_POINT('',(3.,-5.5,5.));
#776 = VECTOR('',#777,1.);
#777 = DIRECTION('',(0.,1.,0.));
#778 = ORIENTED_EDGE('',*,*,#692,.F.);
#779 = ORIENTED_EDGE('',*,*,#269,.F.);
#780 = ORIENTED_EDGE('',*,*,#781,.T.);
#781 = EDGE_CURVE('',#262,#782,#784,.T.);
#782 = VERTEX_POINT('',#783);
#783 = CARTESIAN_POINT('',(3.,3.3,2.));
#784 = LINE('',#785,#786);
#785 = CARTESIAN_POINT('',(3.,3.3,0.));
#786 = VECTOR('',#787,1.);
#787 = DIRECTION('',(0.,0.,1.));
#788 = ORIENTED_EDGE('',*,*,#789,.T.);
#789 = EDGE_CURVE('',#782,#790,#792,.T.);
#790 = VERTEX_POINT('',#791);
#791 = CARTESIAN_POINT('',(3.,2.3,2.));
#792 = LINE('',#793,#794);
#793 = CARTESIAN_POINT('',(3.,3.3,2.));
#794 = VECTOR('',#795,1.);
#795 = DIRECTION('',(0.,-1.,0.));
#796 = ORIENTED_EDGE('',*,*,#797,.F.);
#797 = EDGE_CURVE('',#222,#790,#798,.T.);
#798 = LINE('',#799,#800);
#799 = CARTESIAN_POINT('',(3.,2.3,0.));
#800 = VECTOR('',#801,1.);
#801 = DIRECTION('',(0.,0.,1.));
#802 = ORIENTED_EDGE('',*,*,#221,.F.);
#803 = ORIENTED_EDGE('',*,*,#804,.T.);
#804 = EDGE_CURVE('',#214,#805,#807,.T.);
#805 = VERTEX_POINT('',#806);
#806 = CARTESIAN_POINT('',(3.,-3.7,2.));
#807 = LINE('',#808,#809);
#808 = CARTESIAN_POINT('',(3.,-3.7,0.));
#809 = VECTOR('',#810,1.);
#810 = DIRECTION('',(0.,0.,1.));
#811 = ORIENTED_EDGE('',*,*,#812,.T.);
#812 = EDGE_CURVE('',#805,#813,#815,.T.);
#813 = VERTEX_POINT('',#814);
#814 = CARTESIAN_POINT('',(3.,-4.7,2.));
#815 = LINE('',#816,#817);
#816 = CARTESIAN_POINT('',(3.,-3.7,2.));
#817 = VECTOR('',#818,1.);
#818 = DIRECTION('',(0.,-1.,0.));
#819 = ORIENTED_EDGE('',*,*,#820,.F.);
#820 = EDGE_CURVE('',#174,#813,#821,.T.);
#821 = LINE('',#822,#823);
#822 = CARTESIAN_POINT('',(3.,-4.7,0.));
#823 = VECTOR('',#824,1.);
#824 = DIRECTION('',(0.,0.,1.));
#825 = PLANE('',#826);
#826 = AXIS2_PLACEMENT_3D('',#827,#828,#829);
#827 = CARTESIAN_POINT('',(3.,-5.5,0.));
#828 = DIRECTION('',(-1.,0.,0.));
#829 = DIRECTION('',(0.,1.,0.));
#830 = ADVANCED_FACE('',(#831),#842,.F.);
#831 = FACE_BOUND('',#832,.F.);
#832 = EDGE_LOOP('',(#833,#834,#840,#841));
#833 = ORIENTED_EDGE('',*,*,#735,.F.);
#834 = ORIENTED_EDGE('',*,*,#835,.T.);
#835 = EDGE_CURVE('',#736,#429,#836,.T.);
#836 = LINE('',#837,#838);
#837 = CARTESIAN_POINT('',(-2.3,-0.800000000002,2.));
#838 = VECTOR('',#839,1.);
#839 = DIRECTION('',(-1.,0.,0.));
#840 = ORIENTED_EDGE('',*,*,#428,.F.);
#841 = ORIENTED_EDGE('',*,*,#134,.F.);
#842 = PLANE('',#843);
#843 = AXIS2_PLACEMENT_3D('',#844,#845,#846);
#844 = CARTESIAN_POINT('',(-2.3,-0.800000000002,0.));
#845 = DIRECTION('',(0.,-1.,0.));
#846 = DIRECTION('',(-1.,0.,0.));
#847 = ADVANCED_FACE('',(#848),#866,.F.);
#848 = FACE_BOUND('',#849,.F.);
#849 = EDGE_LOOP('',(#850,#858,#864,#865));
#850 = ORIENTED_EDGE('',*,*,#851,.F.);
#851 = EDGE_CURVE('',#852,#254,#854,.T.);
#852 = VERTEX_POINT('',#853);
#853 = CARTESIAN_POINT('',(2.3,3.3,2.));
#854 = LINE('',#855,#856);
#855 = CARTESIAN_POINT('',(2.3,3.3,5.));
#856 = VECTOR('',#857,1.);
#857 = DIRECTION('',(-0.,-0.,-1.));
#858 = ORIENTED_EDGE('',*,*,#859,.T.);
#859 = EDGE_CURVE('',#852,#782,#860,.T.);
#860 = LINE('',#861,#862);
#861 = CARTESIAN_POINT('',(2.3,3.3,2.));
#862 = VECTOR('',#863,1.);
#863 = DIRECTION('',(1.,0.,0.));
#864 = ORIENTED_EDGE('',*,*,#781,.F.);
#865 = ORIENTED_EDGE('',*,*,#261,.F.);
#866 = PLANE('',#867);
#867 = AXIS2_PLACEMENT_3D('',#868,#869,#870);
#868 = CARTESIAN_POINT('',(2.3,3.3,0.));
#869 = DIRECTION('',(0.,1.,0.));
#870 = DIRECTION('',(1.,0.,0.));
#871 = ADVANCED_FACE('',(#872),#906,.T.);
#872 = FACE_BOUND('',#873,.T.);
#873 = EDGE_LOOP('',(#874,#884,#890,#891,#892,#900));
#874 = ORIENTED_EDGE('',*,*,#875,.T.);
#875 = EDGE_CURVE('',#876,#878,#880,.T.);
#876 = VERTEX_POINT('',#877);
#877 = CARTESIAN_POINT('',(2.3,2.3,5.));
#878 = VERTEX_POINT('',#879);
#879 = CARTESIAN_POINT('',(2.3,4.3,5.));
#880 = LINE('',#881,#882);
#881 = CARTESIAN_POINT('',(2.3,3.3,5.));
#882 = VECTOR('',#883,1.);
#883 = DIRECTION('',(0.,1.,0.));
#884 = ORIENTED_EDGE('',*,*,#885,.T.);
#885 = EDGE_CURVE('',#878,#246,#886,.T.);
#886 = LINE('',#887,#888);
#887 = CARTESIAN_POINT('',(2.3,4.3,5.));
#888 = VECTOR('',#889,1.);
#889 = DIRECTION('',(-0.,-0.,-1.));
#890 = ORIENTED_EDGE('',*,*,#253,.F.);
#891 = ORIENTED_EDGE('',*,*,#851,.F.);
#892 = ORIENTED_EDGE('',*,*,#893,.F.);
#893 = EDGE_CURVE('',#894,#852,#896,.T.);
#894 = VERTEX_POINT('',#895);
#895 = CARTESIAN_POINT('',(2.3,2.3,2.));
#896 = LINE('',#897,#898);
#897 = CARTESIAN_POINT('',(2.3,2.3,2.));
#898 = VECTOR('',#899,1.);
#899 = DIRECTION('',(0.,1.,0.));
#900 = ORIENTED_EDGE('',*,*,#901,.T.);
#901 = EDGE_CURVE('',#894,#876,#902,.T.);
#902 = LINE('',#903,#904);
#903 = CARTESIAN_POINT('',(2.3,2.3,0.));
#904 = VECTOR('',#905,1.);
#905 = DIRECTION('',(0.,0.,1.));
#906 = PLANE('',#907);
#907 = AXIS2_PLACEMENT_3D('',#908,#909,#910);
#908 = CARTESIAN_POINT('',(2.3,3.442857142857,2.642857142857));
#909 = DIRECTION('',(-1.,4.175900594681E-16,0.));
#910 = DIRECTION('',(-4.175900594681E-16,-1.,0.));
#911 = ADVANCED_FACE('',(#912),#955,.T.);
#912 = FACE_BOUND('',#913,.T.);
#913 = EDGE_LOOP('',(#914,#922,#930,#939,#947,#953,#954));
#914 = ORIENTED_EDGE('',*,*,#915,.T.);
#915 = EDGE_CURVE('',#878,#916,#918,.T.);
#916 = VERTEX_POINT('',#917);
#917 = CARTESIAN_POINT('',(0.8,4.3,5.));
#918 = LINE('',#919,#920);
#919 = CARTESIAN_POINT('',(2.1,4.3,5.));
#920 = VECTOR('',#921,1.);
#921 = DIRECTION('',(-1.,0.,0.));
#922 = ORIENTED_EDGE('',*,*,#923,.T.);
#923 = EDGE_CURVE('',#916,#924,#926,.T.);
#924 = VERTEX_POINT('',#925);
#925 = CARTESIAN_POINT('',(0.8,4.3,3.768857754045));
#926 = LINE('',#927,#928);
#927 = CARTESIAN_POINT('',(0.8,4.3,5.));
#928 = VECTOR('',#929,1.);
#929 = DIRECTION('',(-0.,-0.,-1.));
#930 = ORIENTED_EDGE('',*,*,#931,.T.);
#931 = EDGE_CURVE('',#924,#932,#934,.T.);
#932 = VERTEX_POINT('',#933);
#933 = CARTESIAN_POINT('',(1.414213562373,4.3,3.));
#934 = CIRCLE('',#935,1.5);
#935 = AXIS2_PLACEMENT_3D('',#936,#937,#938);
#936 = CARTESIAN_POINT('',(0.,4.3,2.5));
#937 = DIRECTION('',(0.,1.,-2.2E-16));
#938 = DIRECTION('',(-1.,0.,0.));
#939 = ORIENTED_EDGE('',*,*,#940,.F.);
#940 = EDGE_CURVE('',#941,#932,#943,.T.);
#941 = VERTEX_POINT('',#942);
#942 = CARTESIAN_POINT('',(2.1,4.3,3.));
#943 = LINE('',#944,#945);
#944 = CARTESIAN_POINT('',(2.1,4.3,3.));
#945 = VECTOR('',#946,1.);
#946 = DIRECTION('',(-1.,0.,0.));
#947 = ORIENTED_EDGE('',*,*,#948,.T.);
#948 = EDGE_CURVE('',#941,#238,#949,.T.);
#949 = LINE('',#950,#951);
#950 = CARTESIAN_POINT('',(2.1,4.3,5.));
#951 = VECTOR('',#952,1.);
#952 = DIRECTION('',(-0.,-0.,-1.));
#953 = ORIENTED_EDGE('',*,*,#245,.F.);
#954 = ORIENTED_EDGE('',*,*,#885,.F.);
#955 = PLANE('',#956);
#956 = AXIS2_PLACEMENT_3D('',#957,#958,#959);
#957 = CARTESIAN_POINT('',(1.894279264464,4.3,2.803428182352));
#958 = DIRECTION('',(-0.,-1.,-0.));
#959 = DIRECTION('',(0.,0.,-1.));
#960 = ADVANCED_FACE('',(#961),#966,.T.);
#961 = FACE_BOUND('',#962,.T.);
#962 = EDGE_LOOP('',(#963,#964,#965));
#963 = ORIENTED_EDGE('',*,*,#149,.T.);
#964 = ORIENTED_EDGE('',*,*,#157,.T.);
#965 = ORIENTED_EDGE('',*,*,#371,.F.);
#966 = PLANE('',#967);
#967 = AXIS2_PLACEMENT_3D('',#968,#969,#970);
#968 = CARTESIAN_POINT('',(-2.3E-16,-5.5,2.5));
#969 = DIRECTION('',(0.,1.,0.));
#970 = DIRECTION('',(0.,0.,1.));
#971 = ADVANCED_FACE('',(#972),#990,.T.);
#972 = FACE_BOUND('',#973,.T.);
#973 = EDGE_LOOP('',(#974,#975,#983,#989));
#974 = ORIENTED_EDGE('',*,*,#948,.F.);
#975 = ORIENTED_EDGE('',*,*,#976,.F.);
#976 = EDGE_CURVE('',#977,#941,#979,.T.);
#977 = VERTEX_POINT('',#978);
#978 = CARTESIAN_POINT('',(2.1,2.3,3.));
#979 = LINE('',#980,#981);
#980 = CARTESIAN_POINT('',(2.1,2.3,3.));
#981 = VECTOR('',#982,1.);
#982 = DIRECTION('',(0.,1.,0.));
#983 = ORIENTED_EDGE('',*,*,#984,.F.);
#984 = EDGE_CURVE('',#230,#977,#985,.T.);
#985 = LINE('',#986,#987);
#986 = CARTESIAN_POINT('',(2.1,2.3,0.));
#987 = VECTOR('',#988,1.);
#988 = DIRECTION('',(0.,0.,1.));
#989 = ORIENTED_EDGE('',*,*,#237,.F.);
#990 = PLANE('',#991);
#991 = AXIS2_PLACEMENT_3D('',#992,#993,#994);
#992 = CARTESIAN_POINT('',(2.1,3.3,2.5));
#993 = DIRECTION('',(1.,-4.440892098501E-16,0.));
#994 = DIRECTION('',(4.440892098501E-16,1.,0.));
#995 = ADVANCED_FACE('',(#996),#1001,.F.);
#996 = FACE_BOUND('',#997,.F.);
#997 = EDGE_LOOP('',(#998,#999,#1000));
#998 = ORIENTED_EDGE('',*,*,#165,.F.);
#999 = ORIENTED_EDGE('',*,*,#364,.T.);
#1000 = ORIENTED_EDGE('',*,*,#759,.F.);
#1001 = PLANE('',#1002);
#1002 = AXIS2_PLACEMENT_3D('',#1003,#1004,#1005);
#1003 = CARTESIAN_POINT('',(-3.,-5.5,0.));
#1004 = DIRECTION('',(0.,1.,0.));
#1005 = DIRECTION('',(1.,0.,0.));
#1006 = ADVANCED_FACE('',(#1007),#1050,.T.);
#1007 = FACE_BOUND('',#1008,.T.);
#1008 = EDGE_LOOP('',(#1009,#1010,#1011,#1019,#1028,#1036,#1042,#1043,
    #1049));
#1009 = ORIENTED_EDGE('',*,*,#229,.T.);
#1010 = ORIENTED_EDGE('',*,*,#984,.T.);
#1011 = ORIENTED_EDGE('',*,*,#1012,.F.);
#1012 = EDGE_CURVE('',#1013,#977,#1015,.T.);
#1013 = VERTEX_POINT('',#1014);
#1014 = CARTESIAN_POINT('',(1.677050983125,2.3,3.));
#1015 = LINE('',#1016,#1017);
#1016 = CARTESIAN_POINT('',(0.8,2.3,3.));
#1017 = VECTOR('',#1018,1.);
#1018 = DIRECTION('',(1.,0.,0.));
#1019 = ORIENTED_EDGE('',*,*,#1020,.T.);
#1020 = EDGE_CURVE('',#1013,#1021,#1023,.T.);
#1021 = VERTEX_POINT('',#1022);
#1022 = CARTESIAN_POINT('',(0.8,2.3,4.056438241627));
#1023 = CIRCLE('',#1024,1.75);
#1024 = AXIS2_PLACEMENT_3D('',#1025,#1026,#1027);
#1025 = CARTESIAN_POINT('',(0.,2.3,2.5));
#1026 = DIRECTION('',(0.,-1.,2.2E-16));
#1027 = DIRECTION('',(1.,0.,0.));
#1028 = ORIENTED_EDGE('',*,*,#1029,.F.);
#1029 = EDGE_CURVE('',#1030,#1021,#1032,.T.);
#1030 = VERTEX_POINT('',#1031);
#1031 = CARTESIAN_POINT('',(0.8,2.3,5.));
#1032 = LINE('',#1033,#1034);
#1033 = CARTESIAN_POINT('',(0.8,2.3,5.));
#1034 = VECTOR('',#1035,1.);
#1035 = DIRECTION('',(-0.,-0.,-1.));
#1036 = ORIENTED_EDGE('',*,*,#1037,.T.);
#1037 = EDGE_CURVE('',#1030,#876,#1038,.T.);
#1038 = LINE('',#1039,#1040);
#1039 = CARTESIAN_POINT('',(1.15,2.3,5.));
#1040 = VECTOR('',#1041,1.);
#1041 = DIRECTION('',(1.,0.,0.));
#1042 = ORIENTED_EDGE('',*,*,#901,.F.);
#1043 = ORIENTED_EDGE('',*,*,#1044,.F.);
#1044 = EDGE_CURVE('',#790,#894,#1045,.T.);
#1045 = LINE('',#1046,#1047);
#1046 = CARTESIAN_POINT('',(3.,2.3,2.));
#1047 = VECTOR('',#1048,1.);
#1048 = DIRECTION('',(-1.,0.,0.));
#1049 = ORIENTED_EDGE('',*,*,#797,.F.);
#1050 = PLANE('',#1051);
#1051 = AXIS2_PLACEMENT_3D('',#1052,#1053,#1054);
#1052 = CARTESIAN_POINT('',(2.094731870809,2.3,2.629474310715));
#1053 = DIRECTION('',(-5.229148340771E-16,1.,0.));
#1054 = DIRECTION('',(1.,5.229148340771E-16,0.));
#1055 = ADVANCED_FACE('',(#1056),#1115,.T.);
#1056 = FACE_BOUND('',#1057,.T.);
#1057 = EDGE_LOOP('',(#1058,#1059,#1067,#1075,#1084,#1092,#1100,#1108,
    #1114));
#1058 = ORIENTED_EDGE('',*,*,#181,.T.);
#1059 = ORIENTED_EDGE('',*,*,#1060,.T.);
#1060 = EDGE_CURVE('',#182,#1061,#1063,.T.);
#1061 = VERTEX_POINT('',#1062);
#1062 = CARTESIAN_POINT('',(2.1,-4.7,3.));
#1063 = LINE('',#1064,#1065);
#1064 = CARTESIAN_POINT('',(2.1,-4.7,0.));
#1065 = VECTOR('',#1066,1.);
#1066 = DIRECTION('',(0.,0.,1.));
#1067 = ORIENTED_EDGE('',*,*,#1068,.F.);
#1068 = EDGE_CURVE('',#1069,#1061,#1071,.T.);
#1069 = VERTEX_POINT('',#1070);
#1070 = CARTESIAN_POINT('',(1.677050983125,-4.7,3.));
#1071 = LINE('',#1072,#1073);
#1072 = CARTESIAN_POINT('',(0.8,-4.7,3.));
#1073 = VECTOR('',#1074,1.);
#1074 = DIRECTION('',(1.,0.,0.));
#1075 = ORIENTED_EDGE('',*,*,#1076,.T.);
#1076 = EDGE_CURVE('',#1069,#1077,#1079,.T.);
#1077 = VERTEX_POINT('',#1078);
#1078 = CARTESIAN_POINT('',(0.8,-4.7,4.056438241627));
#1079 = CIRCLE('',#1080,1.75);
#1080 = AXIS2_PLACEMENT_3D('',#1081,#1082,#1083);
#1081 = CARTESIAN_POINT('',(0.,-4.7,2.5));
#1082 = DIRECTION('',(0.,-1.,2.2E-16));
#1083 = DIRECTION('',(1.,0.,0.));
#1084 = ORIENTED_EDGE('',*,*,#1085,.F.);
#1085 = EDGE_CURVE('',#1086,#1077,#1088,.T.);
#1086 = VERTEX_POINT('',#1087);
#1087 = CARTESIAN_POINT('',(0.8,-4.7,5.));
#1088 = LINE('',#1089,#1090);
#1089 = CARTESIAN_POINT('',(0.8,-4.7,5.));
#1090 = VECTOR('',#1091,1.);
#1091 = DIRECTION('',(-0.,-0.,-1.));
#1092 = ORIENTED_EDGE('',*,*,#1093,.T.);
#1093 = EDGE_CURVE('',#1086,#1094,#1096,.T.);
#1094 = VERTEX_POINT('',#1095);
#1095 = CARTESIAN_POINT('',(2.3,-4.7,5.));
#1096 = LINE('',#1097,#1098);
#1097 = CARTESIAN_POINT('',(1.15,-4.7,5.));
#1098 = VECTOR('',#1099,1.);
#1099 = DIRECTION('',(1.,0.,0.));
#1100 = ORIENTED_EDGE('',*,*,#1101,.F.);
#1101 = EDGE_CURVE('',#1102,#1094,#1104,.T.);
#1102 = VERTEX_POINT('',#1103);
#1103 = CARTESIAN_POINT('',(2.3,-4.7,2.));
#1104 = LINE('',#1105,#1106);
#1105 = CARTESIAN_POINT('',(2.3,-4.7,0.));
#1106 = VECTOR('',#1107,1.);
#1107 = DIRECTION('',(0.,0.,1.));
#1108 = ORIENTED_EDGE('',*,*,#1109,.F.);
#1109 = EDGE_CURVE('',#813,#1102,#1110,.T.);
#1110 = LINE('',#1111,#1112);
#1111 = CARTESIAN_POINT('',(3.,-4.7,2.));
#1112 = VECTOR('',#1113,1.);
#1113 = DIRECTION('',(-1.,0.,0.));
#1114 = ORIENTED_EDGE('',*,*,#820,.F.);
#1115 = PLANE('',#1116);
#1116 = AXIS2_PLACEMENT_3D('',#1117,#1118,#1119);
#1117 = CARTESIAN_POINT('',(2.094731870809,-4.7,2.629474310715));
#1118 = DIRECTION('',(-3.01910401355E-16,1.,0.));
#1119 = DIRECTION('',(1.,3.01910401355E-16,0.));
#1120 = ADVANCED_FACE('',(#1121),#1139,.F.);
#1121 = FACE_BOUND('',#1122,.F.);
#1122 = EDGE_LOOP('',(#1123,#1131,#1137,#1138));
#1123 = ORIENTED_EDGE('',*,*,#1124,.F.);
#1124 = EDGE_CURVE('',#1125,#206,#1127,.T.);
#1125 = VERTEX_POINT('',#1126);
#1126 = CARTESIAN_POINT('',(2.3,-3.7,2.));
#1127 = LINE('',#1128,#1129);
#1128 = CARTESIAN_POINT('',(2.3,-3.7,5.));
#1129 = VECTOR('',#1130,1.);
#1130 = DIRECTION('',(-0.,-0.,-1.));
#1131 = ORIENTED_EDGE('',*,*,#1132,.T.);
#1132 = EDGE_CURVE('',#1125,#805,#1133,.T.);
#1133 = LINE('',#1134,#1135);
#1134 = CARTESIAN_POINT('',(2.3,-3.7,2.));
#1135 = VECTOR('',#1136,1.);
#1136 = DIRECTION('',(1.,0.,0.));
#1137 = ORIENTED_EDGE('',*,*,#804,.F.);
#1138 = ORIENTED_EDGE('',*,*,#213,.F.);
#1139 = PLANE('',#1140);
#1140 = AXIS2_PLACEMENT_3D('',#1141,#1142,#1143);
#1141 = CARTESIAN_POINT('',(2.3,-3.7,0.));
#1142 = DIRECTION('',(0.,1.,0.));
#1143 = DIRECTION('',(1.,0.,0.));
#1144 = ADVANCED_FACE('',(#1145),#1163,.T.);
#1145 = FACE_BOUND('',#1146,.T.);
#1146 = EDGE_LOOP('',(#1147,#1155,#1161,#1162));
#1147 = ORIENTED_EDGE('',*,*,#1148,.F.);
#1148 = EDGE_CURVE('',#1149,#190,#1151,.T.);
#1149 = VERTEX_POINT('',#1150);
#1150 = CARTESIAN_POINT('',(2.1,-2.7,3.));
#1151 = LINE('',#1152,#1153);
#1152 = CARTESIAN_POINT('',(2.1,-2.7,5.));
#1153 = VECTOR('',#1154,1.);
#1154 = DIRECTION('',(-0.,-0.,-1.));
#1155 = ORIENTED_EDGE('',*,*,#1156,.F.);
#1156 = EDGE_CURVE('',#1061,#1149,#1157,.T.);
#1157 = LINE('',#1158,#1159);
#1158 = CARTESIAN_POINT('',(2.1,-4.7,3.));
#1159 = VECTOR('',#1160,1.);
#1160 = DIRECTION('',(0.,1.,0.));
#1161 = ORIENTED_EDGE('',*,*,#1060,.F.);
#1162 = ORIENTED_EDGE('',*,*,#189,.T.);
#1163 = PLANE('',#1164);
#1164 = AXIS2_PLACEMENT_3D('',#1165,#1166,#1167);
#1165 = CARTESIAN_POINT('',(2.1,-3.7,2.5));
#1166 = DIRECTION('',(1.,0.,0.));
#1167 = DIRECTION('',(0.,0.,1.));
#1168 = ADVANCED_FACE('',(#1169),#1194,.T.);
#1169 = FACE_BOUND('',#1170,.T.);
#1170 = EDGE_LOOP('',(#1171,#1179,#1185,#1186,#1187,#1193));
#1171 = ORIENTED_EDGE('',*,*,#1172,.F.);
#1172 = EDGE_CURVE('',#1173,#1094,#1175,.T.);
#1173 = VERTEX_POINT('',#1174);
#1174 = CARTESIAN_POINT('',(2.3,-2.7,5.));
#1175 = LINE('',#1176,#1177);
#1176 = CARTESIAN_POINT('',(2.3,-2.7,5.));
#1177 = VECTOR('',#1178,1.);
#1178 = DIRECTION('',(0.,-1.,0.));
#1179 = ORIENTED_EDGE('',*,*,#1180,.T.);
#1180 = EDGE_CURVE('',#1173,#198,#1181,.T.);
#1181 = LINE('',#1182,#1183);
#1182 = CARTESIAN_POINT('',(2.3,-2.7,5.));
#1183 = VECTOR('',#1184,1.);
#1184 = DIRECTION('',(-0.,-0.,-1.));
#1185 = ORIENTED_EDGE('',*,*,#205,.T.);
#1186 = ORIENTED_EDGE('',*,*,#1124,.F.);
#1187 = ORIENTED_EDGE('',*,*,#1188,.F.);
#1188 = EDGE_CURVE('',#1102,#1125,#1189,.T.);
#1189 = LINE('',#1190,#1191);
#1190 = CARTESIAN_POINT('',(2.3,-4.7,2.));
#1191 = VECTOR('',#1192,1.);
#1192 = DIRECTION('',(0.,1.,0.));
#1193 = ORIENTED_EDGE('',*,*,#1101,.T.);
#1194 = PLANE('',#1195);
#1195 = AXIS2_PLACEMENT_3D('',#1196,#1197,#1198);
#1196 = CARTESIAN_POINT('',(2.3,-3.557142857143,2.642857142857));
#1197 = DIRECTION('',(-1.,-0.,-0.));
#1198 = DIRECTION('',(0.,0.,-1.));
#1199 = ADVANCED_FACE('',(#1200),#1236,.T.);
#1200 = FACE_BOUND('',#1201,.T.);
#1201 = EDGE_LOOP('',(#1202,#1210,#1218,#1227,#1233,#1234,#1235));
#1202 = ORIENTED_EDGE('',*,*,#1203,.T.);
#1203 = EDGE_CURVE('',#1173,#1204,#1206,.T.);
#1204 = VERTEX_POINT('',#1205);
#1205 = CARTESIAN_POINT('',(0.8,-2.7,5.));
#1206 = LINE('',#1207,#1208);
#1207 = CARTESIAN_POINT('',(2.1,-2.7,5.));
#1208 = VECTOR('',#1209,1.);
#1209 = DIRECTION('',(-1.,0.,0.));
#1210 = ORIENTED_EDGE('',*,*,#1211,.T.);
#1211 = EDGE_CURVE('',#1204,#1212,#1214,.T.);
#1212 = VERTEX_POINT('',#1213);
#1213 = CARTESIAN_POINT('',(0.8,-2.7,4.056438241627));
#1214 = LINE('',#1215,#1216);
#1215 = CARTESIAN_POINT('',(0.8,-2.7,5.));
#1216 = VECTOR('',#1217,1.);
#1217 = DIRECTION('',(-0.,-0.,-1.));
#1218 = ORIENTED_EDGE('',*,*,#1219,.F.);
#1219 = EDGE_CURVE('',#1220,#1212,#1222,.T.);
#1220 = VERTEX_POINT('',#1221);
#1221 = CARTESIAN_POINT('',(1.677050983125,-2.7,3.));
#1222 = CIRCLE('',#1223,1.75);
#1223 = AXIS2_PLACEMENT_3D('',#1224,#1225,#1226);
#1224 = CARTESIAN_POINT('',(0.,-2.7,2.5));
#1225 = DIRECTION('',(0.,-1.,2.2E-16));
#1226 = DIRECTION('',(1.,0.,0.));
#1227 = ORIENTED_EDGE('',*,*,#1228,.F.);
#1228 = EDGE_CURVE('',#1149,#1220,#1229,.T.);
#1229 = LINE('',#1230,#1231);
#1230 = CARTESIAN_POINT('',(2.1,-2.7,3.));
#1231 = VECTOR('',#1232,1.);
#1232 = DIRECTION('',(-1.,0.,0.));
#1233 = ORIENTED_EDGE('',*,*,#1148,.T.);
#1234 = ORIENTED_EDGE('',*,*,#197,.T.);
#1235 = ORIENTED_EDGE('',*,*,#1180,.F.);
#1236 = PLANE('',#1237);
#1237 = AXIS2_PLACEMENT_3D('',#1238,#1239,#1240);
#1238 = CARTESIAN_POINT('',(1.920168011294,-2.7,2.812367098988));
#1239 = DIRECTION('',(8.059150259613E-16,-1.,0.));
#1240 = DIRECTION('',(-1.,-8.059150259613E-16,0.));
#1241 = ADVANCED_FACE('',(#1242),#1261,.T.);
#1242 = FACE_BOUND('',#1243,.F.);
#1243 = EDGE_LOOP('',(#1244,#1252,#1259,#1260));
#1244 = ORIENTED_EDGE('',*,*,#1245,.T.);
#1245 = EDGE_CURVE('',#310,#1246,#1248,.T.);
#1246 = VERTEX_POINT('',#1247);
#1247 = CARTESIAN_POINT('',(0.4,-3.2,-0.7));
#1248 = LINE('',#1249,#1250);
#1249 = CARTESIAN_POINT('',(0.4,-3.2,0.));
#1250 = VECTOR('',#1251,1.);
#1251 = DIRECTION('',(0.,0.,-1.));
#1252 = ORIENTED_EDGE('',*,*,#1253,.T.);
#1253 = EDGE_CURVE('',#1246,#1246,#1254,.T.);
#1254 = CIRCLE('',#1255,0.4);
#1255 = AXIS2_PLACEMENT_3D('',#1256,#1257,#1258);
#1256 = CARTESIAN_POINT('',(0.,-3.2,-0.7));
#1257 = DIRECTION('',(0.,0.,-1.));
#1258 = DIRECTION('',(1.,0.,0.));
#1259 = ORIENTED_EDGE('',*,*,#1245,.F.);
#1260 = ORIENTED_EDGE('',*,*,#309,.F.);
#1261 = CYLINDRICAL_SURFACE('',#1262,0.4);
#1262 = AXIS2_PLACEMENT_3D('',#1263,#1264,#1265);
#1263 = CARTESIAN_POINT('',(0.,-3.2,0.));
#1264 = DIRECTION('',(0.,0.,1.));
#1265 = DIRECTION('',(1.,0.,0.));
#1266 = ADVANCED_FACE('',(#1267),#1286,.T.);
#1267 = FACE_BOUND('',#1268,.F.);
#1268 = EDGE_LOOP('',(#1269,#1277,#1284,#1285));
#1269 = ORIENTED_EDGE('',*,*,#1270,.T.);
#1270 = EDGE_CURVE('',#321,#1271,#1273,.T.);
#1271 = VERTEX_POINT('',#1272);
#1272 = CARTESIAN_POINT('',(0.4,2.8,-0.7));
#1273 = LINE('',#1274,#1275);
#1274 = CARTESIAN_POINT('',(0.4,2.8,0.));
#1275 = VECTOR('',#1276,1.);
#1276 = DIRECTION('',(0.,0.,-1.));
#1277 = ORIENTED_EDGE('',*,*,#1278,.T.);
#1278 = EDGE_CURVE('',#1271,#1271,#1279,.T.);
#1279 = CIRCLE('',#1280,0.4);
#1280 = AXIS2_PLACEMENT_3D('',#1281,#1282,#1283);
#1281 = CARTESIAN_POINT('',(0.,2.8,-0.7));
#1282 = DIRECTION('',(0.,0.,-1.));
#1283 = DIRECTION('',(1.,0.,0.));
#1284 = ORIENTED_EDGE('',*,*,#1270,.F.);
#1285 = ORIENTED_EDGE('',*,*,#320,.F.);
#1286 = CYLINDRICAL_SURFACE('',#1287,0.4);
#1287 = AXIS2_PLACEMENT_3D('',#1288,#1289,#1290);
#1288 = CARTESIAN_POINT('',(0.,2.8,0.));
#1289 = DIRECTION('',(0.,0.,1.));
#1290 = DIRECTION('',(1.,0.,0.));
#1291 = ADVANCED_FACE('',(#1292),#1302,.F.);
#1292 = FACE_BOUND('',#1293,.F.);
#1293 = EDGE_LOOP('',(#1294,#1295,#1301));
#1294 = ORIENTED_EDGE('',*,*,#337,.T.);
#1295 = ORIENTED_EDGE('',*,*,#1296,.T.);
#1296 = EDGE_CURVE('',#340,#766,#1297,.T.);
#1297 = LINE('',#1298,#1299);
#1298 = CARTESIAN_POINT('',(-3.,-5.5,5.));
#1299 = VECTOR('',#1300,1.);
#1300 = DIRECTION('',(1.,0.,0.));
#1301 = ORIENTED_EDGE('',*,*,#765,.F.);
#1302 = PLANE('',#1303);
#1303 = AXIS2_PLACEMENT_3D('',#1304,#1305,#1306);
#1304 = CARTESIAN_POINT('',(-3.,-5.5,0.));
#1305 = DIRECTION('',(0.,1.,0.));
#1306 = DIRECTION('',(1.,0.,0.));
#1307 = ADVANCED_FACE('',(#1308),#1325,.T.);
#1308 = FACE_BOUND('',#1309,.T.);
#1309 = EDGE_LOOP('',(#1310,#1311,#1319));
#1310 = ORIENTED_EDGE('',*,*,#388,.F.);
#1311 = ORIENTED_EDGE('',*,*,#1312,.F.);
#1312 = EDGE_CURVE('',#1313,#340,#1315,.T.);
#1313 = VERTEX_POINT('',#1314);
#1314 = CARTESIAN_POINT('',(-5.438833751213E-09,-5.5,5.));
#1315 = LINE('',#1316,#1317);
#1316 = CARTESIAN_POINT('',(-3.,-5.5,5.));
#1317 = VECTOR('',#1318,1.);
#1318 = DIRECTION('',(1.,0.,0.));
#1319 = ORIENTED_EDGE('',*,*,#1320,.F.);
#1320 = EDGE_CURVE('',#380,#1313,#1321,.T.);
#1321 = LINE('',#1322,#1323);
#1322 = CARTESIAN_POINT('',(-3.,-5.5,5.));
#1323 = VECTOR('',#1324,1.);
#1324 = DIRECTION('',(1.,0.,0.));
#1325 = PLANE('',#1326);
#1326 = AXIS2_PLACEMENT_3D('',#1327,#1328,#1329);
#1327 = CARTESIAN_POINT('',(-2.3E-16,-5.5,2.5));
#1328 = DIRECTION('',(0.,1.,0.));
#1329 = DIRECTION('',(0.,0.,1.));
#1330 = ADVANCED_FACE('',(#1331),#1341,.F.);
#1331 = FACE_BOUND('',#1332,.F.);
#1332 = EDGE_LOOP('',(#1333,#1334,#1335));
#1333 = ORIENTED_EDGE('',*,*,#379,.T.);
#1334 = ORIENTED_EDGE('',*,*,#420,.T.);
#1335 = ORIENTED_EDGE('',*,*,#1336,.T.);
#1336 = EDGE_CURVE('',#413,#380,#1337,.T.);
#1337 = LINE('',#1338,#1339);
#1338 = CARTESIAN_POINT('',(-3.,-5.5,5.));
#1339 = VECTOR('',#1340,1.);
#1340 = DIRECTION('',(1.,0.,0.));
#1341 = PLANE('',#1342);
#1342 = AXIS2_PLACEMENT_3D('',#1343,#1344,#1345);
#1343 = CARTESIAN_POINT('',(-3.,-5.5,0.));
#1344 = DIRECTION('',(0.,1.,0.));
#1345 = DIRECTION('',(1.,0.,0.));
#1346 = ADVANCED_FACE('',(#1347,#1350),#1361,.F.);
#1347 = FACE_BOUND('',#1348,.F.);
#1348 = EDGE_LOOP('',(#1349));
#1349 = ORIENTED_EDGE('',*,*,#356,.F.);
#1350 = FACE_BOUND('',#1351,.F.);
#1351 = EDGE_LOOP('',(#1352));
#1352 = ORIENTED_EDGE('',*,*,#1353,.T.);
#1353 = EDGE_CURVE('',#1354,#1354,#1356,.T.);
#1354 = VERTEX_POINT('',#1355);
#1355 = CARTESIAN_POINT('',(2.5,-8.5,2.5));
#1356 = CIRCLE('',#1357,2.5);
#1357 = AXIS2_PLACEMENT_3D('',#1358,#1359,#1360);
#1358 = CARTESIAN_POINT('',(0.,-8.5,2.5));
#1359 = DIRECTION('',(0.,-1.,2.22044604925E-16));
#1360 = DIRECTION('',(1.,0.,0.));
#1361 = PLANE('',#1362);
#1362 = AXIS2_PLACEMENT_3D('',#1363,#1364,#1365);
#1363 = CARTESIAN_POINT('',(-2.3E-16,-8.5,2.5));
#1364 = DIRECTION('',(0.,1.,0.));
#1365 = DIRECTION('',(0.,0.,1.));
#1366 = ADVANCED_FACE('',(#1367),#1373,.F.);
#1367 = FACE_BOUND('',#1368,.T.);
#1368 = EDGE_LOOP('',(#1369,#1370,#1371,#1372));
#1369 = ORIENTED_EDGE('',*,*,#835,.T.);
#1370 = ORIENTED_EDGE('',*,*,#436,.T.);
#1371 = ORIENTED_EDGE('',*,*,#556,.T.);
#1372 = ORIENTED_EDGE('',*,*,#743,.T.);
#1373 = PLANE('',#1374);
#1374 = AXIS2_PLACEMENT_3D('',#1375,#1376,#1377);
#1375 = CARTESIAN_POINT('',(0.883333333333,-0.566666666667,2.));
#1376 = DIRECTION('',(0.,0.,1.));
#1377 = DIRECTION('',(1.,0.,0.));
#1378 = ADVANCED_FACE('',(#1379,#1392,#1403,#1414),#1425,.T.);
#1379 = FACE_BOUND('',#1380,.T.);
#1380 = EDGE_LOOP('',(#1381,#1382,#1383,#1384,#1385,#1386,#1387,#1388,
    #1389,#1390,#1391));
#1381 = ORIENTED_EDGE('',*,*,#412,.T.);
#1382 = ORIENTED_EDGE('',*,*,#1336,.T.);
#1383 = ORIENTED_EDGE('',*,*,#1320,.T.);
#1384 = ORIENTED_EDGE('',*,*,#1312,.T.);
#1385 = ORIENTED_EDGE('',*,*,#1296,.T.);
#1386 = ORIENTED_EDGE('',*,*,#773,.T.);
#1387 = ORIENTED_EDGE('',*,*,#700,.T.);
#1388 = ORIENTED_EDGE('',*,*,#628,.T.);
#1389 = ORIENTED_EDGE('',*,*,#571,.F.);
#1390 = ORIENTED_EDGE('',*,*,#482,.F.);
#1391 = ORIENTED_EDGE('',*,*,#458,.F.);
#1392 = FACE_BOUND('',#1393,.T.);
#1393 = EDGE_LOOP('',(#1394,#1395,#1396,#1402));
#1394 = ORIENTED_EDGE('',*,*,#727,.F.);
#1395 = ORIENTED_EDGE('',*,*,#540,.F.);
#1396 = ORIENTED_EDGE('',*,*,#1397,.F.);
#1397 = EDGE_CURVE('',#646,#533,#1398,.T.);
#1398 = LINE('',#1399,#1400);
#1399 = CARTESIAN_POINT('',(-0.8,-1.799999999997,5.));
#1400 = VECTOR('',#1401,1.);
#1401 = DIRECTION('',(0.,1.,0.));
#1402 = ORIENTED_EDGE('',*,*,#643,.F.);
#1403 = FACE_BOUND('',#1404,.T.);
#1404 = EDGE_LOOP('',(#1405,#1406,#1407,#1408));
#1405 = ORIENTED_EDGE('',*,*,#1203,.F.);
#1406 = ORIENTED_EDGE('',*,*,#1172,.T.);
#1407 = ORIENTED_EDGE('',*,*,#1093,.F.);
#1408 = ORIENTED_EDGE('',*,*,#1409,.F.);
#1409 = EDGE_CURVE('',#1204,#1086,#1410,.T.);
#1410 = LINE('',#1411,#1412);
#1411 = CARTESIAN_POINT('',(0.8,-2.7,5.));
#1412 = VECTOR('',#1413,1.);
#1413 = DIRECTION('',(0.,-1.,0.));
#1414 = FACE_BOUND('',#1415,.T.);
#1415 = EDGE_LOOP('',(#1416,#1417,#1418,#1419));
#1416 = ORIENTED_EDGE('',*,*,#915,.F.);
#1417 = ORIENTED_EDGE('',*,*,#875,.F.);
#1418 = ORIENTED_EDGE('',*,*,#1037,.F.);
#1419 = ORIENTED_EDGE('',*,*,#1420,.F.);
#1420 = EDGE_CURVE('',#916,#1030,#1421,.T.);
#1421 = LINE('',#1422,#1423);
#1422 = CARTESIAN_POINT('',(0.8,4.3,5.));
#1423 = VECTOR('',#1424,1.);
#1424 = DIRECTION('',(0.,-1.,0.));
#1425 = PLANE('',#1426);
#1426 = AXIS2_PLACEMENT_3D('',#1427,#1428,#1429);
#1427 = CARTESIAN_POINT('',(0.,0.,5.));
#1428 = DIRECTION('',(0.,0.,1.));
#1429 = DIRECTION('',(1.,0.,0.));
#1430 = ADVANCED_FACE('',(#1431),#1442,.T.);
#1431 = FACE_BOUND('',#1432,.T.);
#1432 = EDGE_LOOP('',(#1433,#1434,#1435,#1436));
#1433 = ORIENTED_EDGE('',*,*,#515,.T.);
#1434 = ORIENTED_EDGE('',*,*,#603,.T.);
#1435 = ORIENTED_EDGE('',*,*,#670,.T.);
#1436 = ORIENTED_EDGE('',*,*,#1437,.F.);
#1437 = EDGE_CURVE('',#516,#662,#1438,.T.);
#1438 = LINE('',#1439,#1440);
#1439 = CARTESIAN_POINT('',(-1.677050983125,-8.5,3.));
#1440 = VECTOR('',#1441,1.);
#1441 = DIRECTION('',(0.,-1.,2.2E-16));
#1442 = PLANE('',#1443);
#1443 = AXIS2_PLACEMENT_3D('',#1444,#1445,#1446);
#1444 = CARTESIAN_POINT('',(0.483333333334,-0.399999999999,3.));
#1445 = DIRECTION('',(0.,0.,1.));
#1446 = DIRECTION('',(1.,0.,0.));
#1447 = ADVANCED_FACE('',(#1448,#1499,#1510),#1526,.F.);
#1448 = FACE_BOUND('',#1449,.F.);
#1449 = EDGE_LOOP('',(#1450,#1459,#1467,#1476,#1482,#1483,#1491,#1498));
#1450 = ORIENTED_EDGE('',*,*,#1451,.F.);
#1451 = EDGE_CURVE('',#1452,#1452,#1454,.T.);
#1452 = VERTEX_POINT('',#1453);
#1453 = CARTESIAN_POINT('',(1.75,-5.5,2.5));
#1454 = CIRCLE('',#1455,1.75);
#1455 = AXIS2_PLACEMENT_3D('',#1456,#1457,#1458);
#1456 = CARTESIAN_POINT('',(0.,-5.5,2.5));
#1457 = DIRECTION('',(0.,-1.,2.22044604925E-16));
#1458 = DIRECTION('',(1.,0.,0.));
#1459 = ORIENTED_EDGE('',*,*,#1460,.T.);
#1460 = EDGE_CURVE('',#1452,#1461,#1463,.T.);
#1461 = VERTEX_POINT('',#1462);
#1462 = CARTESIAN_POINT('',(1.75,2.5,2.5));
#1463 = LINE('',#1464,#1465);
#1464 = CARTESIAN_POINT('',(1.75,-8.5,2.5));
#1465 = VECTOR('',#1466,1.);
#1466 = DIRECTION('',(0.,1.,-2.2E-16));
#1467 = ORIENTED_EDGE('',*,*,#1468,.T.);
#1468 = EDGE_CURVE('',#1461,#1469,#1471,.T.);
#1469 = VERTEX_POINT('',#1470);
#1470 = CARTESIAN_POINT('',(1.677050983125,2.5,3.));
#1471 = CIRCLE('',#1472,1.75);
#1472 = AXIS2_PLACEMENT_3D('',#1473,#1474,#1475);
#1473 = CARTESIAN_POINT('',(0.,2.5,2.5));
#1474 = DIRECTION('',(0.,-1.,0.));
#1475 = DIRECTION('',(1.,0.,0.));
#1476 = ORIENTED_EDGE('',*,*,#1477,.T.);
#1477 = EDGE_CURVE('',#1469,#1013,#1478,.T.);
#1478 = LINE('',#1479,#1480);
#1479 = CARTESIAN_POINT('',(1.677050983125,-8.5,3.));
#1480 = VECTOR('',#1481,1.);
#1481 = DIRECTION('',(0.,-1.,2.2E-16));
#1482 = ORIENTED_EDGE('',*,*,#1020,.T.);
#1483 = ORIENTED_EDGE('',*,*,#1484,.F.);
#1484 = EDGE_CURVE('',#1485,#1021,#1487,.T.);
#1485 = VERTEX_POINT('',#1486);
#1486 = CARTESIAN_POINT('',(0.8,2.5,4.056438241627));
#1487 = LINE('',#1488,#1489);
#1488 = CARTESIAN_POINT('',(0.8,-8.5,4.056438241627));
#1489 = VECTOR('',#1490,1.);
#1490 = DIRECTION('',(0.,-1.,2.2E-16));
#1491 = ORIENTED_EDGE('',*,*,#1492,.T.);
#1492 = EDGE_CURVE('',#1485,#1461,#1493,.T.);
#1493 = CIRCLE('',#1494,1.75);
#1494 = AXIS2_PLACEMENT_3D('',#1495,#1496,#1497);
#1495 = CARTESIAN_POINT('',(0.,2.5,2.5));
#1496 = DIRECTION('',(0.,-1.,0.));
#1497 = DIRECTION('',(1.,0.,0.));
#1498 = ORIENTED_EDGE('',*,*,#1460,.F.);
#1499 = FACE_BOUND('',#1500,.F.);
#1500 = EDGE_LOOP('',(#1501,#1507,#1508,#1509));
#1501 = ORIENTED_EDGE('',*,*,#1502,.T.);
#1502 = EDGE_CURVE('',#524,#654,#1503,.T.);
#1503 = LINE('',#1504,#1505);
#1504 = CARTESIAN_POINT('',(-0.8,-8.5,4.056438241627));
#1505 = VECTOR('',#1506,1.);
#1506 = DIRECTION('',(0.,-1.,2.2E-16));
#1507 = ORIENTED_EDGE('',*,*,#661,.T.);
#1508 = ORIENTED_EDGE('',*,*,#1437,.F.);
#1509 = ORIENTED_EDGE('',*,*,#523,.F.);
#1510 = FACE_BOUND('',#1511,.F.);
#1511 = EDGE_LOOP('',(#1512,#1513,#1519,#1520));
#1512 = ORIENTED_EDGE('',*,*,#1219,.F.);
#1513 = ORIENTED_EDGE('',*,*,#1514,.T.);
#1514 = EDGE_CURVE('',#1220,#1069,#1515,.T.);
#1515 = LINE('',#1516,#1517);
#1516 = CARTESIAN_POINT('',(1.677050983125,-8.5,3.));
#1517 = VECTOR('',#1518,1.);
#1518 = DIRECTION('',(0.,-1.,2.2E-16));
#1519 = ORIENTED_EDGE('',*,*,#1076,.T.);
#1520 = ORIENTED_EDGE('',*,*,#1521,.F.);
#1521 = EDGE_CURVE('',#1212,#1077,#1522,.T.);
#1522 = LINE('',#1523,#1524);
#1523 = CARTESIAN_POINT('',(0.8,-8.5,4.056438241627));
#1524 = VECTOR('',#1525,1.);
#1525 = DIRECTION('',(0.,-1.,2.2E-16));
#1526 = CYLINDRICAL_SURFACE('',#1527,1.75);
#1527 = AXIS2_PLACEMENT_3D('',#1528,#1529,#1530);
#1528 = CARTESIAN_POINT('',(0.,-8.5,2.5));
#1529 = DIRECTION('',(0.,-1.,2.2E-16));
#1530 = DIRECTION('',(1.,0.,0.));
#1531 = ADVANCED_FACE('',(#1532),#1538,.F.);
#1532 = FACE_BOUND('',#1533,.F.);
#1533 = EDGE_LOOP('',(#1534,#1535,#1536,#1537));
#1534 = ORIENTED_EDGE('',*,*,#1397,.F.);
#1535 = ORIENTED_EDGE('',*,*,#653,.T.);
#1536 = ORIENTED_EDGE('',*,*,#1502,.F.);
#1537 = ORIENTED_EDGE('',*,*,#532,.F.);
#1538 = PLANE('',#1539);
#1539 = AXIS2_PLACEMENT_3D('',#1540,#1541,#1542);
#1540 = CARTESIAN_POINT('',(-0.8,-1.799999999997,5.));
#1541 = DIRECTION('',(1.,0.,0.));
#1542 = DIRECTION('',(0.,1.,0.));
#1543 = ADVANCED_FACE('',(#1544),#1587,.F.);
#1544 = FACE_BOUND('',#1545,.F.);
#1545 = EDGE_LOOP('',(#1546,#1547,#1555,#1564,#1570,#1571,#1579,#1586));
#1546 = ORIENTED_EDGE('',*,*,#710,.F.);
#1547 = ORIENTED_EDGE('',*,*,#1548,.T.);
#1548 = EDGE_CURVE('',#711,#1549,#1551,.T.);
#1549 = VERTEX_POINT('',#1550);
#1550 = CARTESIAN_POINT('',(-1.5,2.5,2.5));
#1551 = LINE('',#1552,#1553);
#1552 = CARTESIAN_POINT('',(-1.5,5.5,2.5));
#1553 = VECTOR('',#1554,1.);
#1554 = DIRECTION('',(0.,-1.,2.2E-16));
#1555 = ORIENTED_EDGE('',*,*,#1556,.T.);
#1556 = EDGE_CURVE('',#1549,#1557,#1559,.T.);
#1557 = VERTEX_POINT('',#1558);
#1558 = CARTESIAN_POINT('',(0.8,2.5,3.768857754045));
#1559 = CIRCLE('',#1560,1.5);
#1560 = AXIS2_PLACEMENT_3D('',#1561,#1562,#1563);
#1561 = CARTESIAN_POINT('',(0.,2.5,2.5));
#1562 = DIRECTION('',(0.,1.,-2.2E-16));
#1563 = DIRECTION('',(-1.,0.,0.));
#1564 = ORIENTED_EDGE('',*,*,#1565,.T.);
#1565 = EDGE_CURVE('',#1557,#924,#1566,.T.);
#1566 = LINE('',#1567,#1568);
#1567 = CARTESIAN_POINT('',(0.8,5.5,3.768857754045));
#1568 = VECTOR('',#1569,1.);
#1569 = DIRECTION('',(0.,1.,-2.2E-16));
#1570 = ORIENTED_EDGE('',*,*,#931,.T.);
#1571 = ORIENTED_EDGE('',*,*,#1572,.F.);
#1572 = EDGE_CURVE('',#1573,#932,#1575,.T.);
#1573 = VERTEX_POINT('',#1574);
#1574 = CARTESIAN_POINT('',(1.414213562373,2.5,3.));
#1575 = LINE('',#1576,#1577);
#1576 = CARTESIAN_POINT('',(1.414213562373,5.5,3.));
#1577 = VECTOR('',#1578,1.);
#1578 = DIRECTION('',(0.,1.,-2.2E-16));
#1579 = ORIENTED_EDGE('',*,*,#1580,.T.);
#1580 = EDGE_CURVE('',#1573,#1549,#1581,.T.);
#1581 = CIRCLE('',#1582,1.5);
#1582 = AXIS2_PLACEMENT_3D('',#1583,#1584,#1585);
#1583 = CARTESIAN_POINT('',(0.,2.5,2.5));
#1584 = DIRECTION('',(0.,1.,-2.2E-16));
#1585 = DIRECTION('',(-1.,0.,0.));
#1586 = ORIENTED_EDGE('',*,*,#1548,.F.);
#1587 = CYLINDRICAL_SURFACE('',#1588,1.5);
#1588 = AXIS2_PLACEMENT_3D('',#1589,#1590,#1591);
#1589 = CARTESIAN_POINT('',(0.,5.5,2.5));
#1590 = DIRECTION('',(0.,1.,-2.2E-16));
#1591 = DIRECTION('',(-1.,0.,0.));
#1592 = ADVANCED_FACE('',(#1593),#1599,.F.);
#1593 = FACE_BOUND('',#1594,.T.);
#1594 = EDGE_LOOP('',(#1595,#1596,#1597,#1598));
#1595 = ORIENTED_EDGE('',*,*,#1132,.T.);
#1596 = ORIENTED_EDGE('',*,*,#812,.T.);
#1597 = ORIENTED_EDGE('',*,*,#1109,.T.);
#1598 = ORIENTED_EDGE('',*,*,#1188,.T.);
#1599 = PLANE('',#1600);
#1600 = AXIS2_PLACEMENT_3D('',#1601,#1602,#1603);
#1601 = CARTESIAN_POINT('',(0.883333333333,-0.566666666667,2.));
#1602 = DIRECTION('',(0.,0.,1.));
#1603 = DIRECTION('',(1.,0.,0.));
#1604 = ADVANCED_FACE('',(#1605),#1611,.F.);
#1605 = FACE_BOUND('',#1606,.T.);
#1606 = EDGE_LOOP('',(#1607,#1608,#1609,#1610));
#1607 = ORIENTED_EDGE('',*,*,#859,.T.);
#1608 = ORIENTED_EDGE('',*,*,#789,.T.);
#1609 = ORIENTED_EDGE('',*,*,#1044,.T.);
#1610 = ORIENTED_EDGE('',*,*,#893,.T.);
#1611 = PLANE('',#1612);
#1612 = AXIS2_PLACEMENT_3D('',#1613,#1614,#1615);
#1613 = CARTESIAN_POINT('',(0.883333333333,-0.566666666667,2.));
#1614 = DIRECTION('',(0.,0.,1.));
#1615 = DIRECTION('',(1.,0.,0.));
#1616 = ADVANCED_FACE('',(#1617),#1630,.F.);
#1617 = FACE_BOUND('',#1618,.F.);
#1618 = EDGE_LOOP('',(#1619,#1620,#1621,#1622,#1628,#1629));
#1619 = ORIENTED_EDGE('',*,*,#1420,.F.);
#1620 = ORIENTED_EDGE('',*,*,#923,.T.);
#1621 = ORIENTED_EDGE('',*,*,#1565,.F.);
#1622 = ORIENTED_EDGE('',*,*,#1623,.T.);
#1623 = EDGE_CURVE('',#1557,#1485,#1624,.T.);
#1624 = LINE('',#1625,#1626);
#1625 = CARTESIAN_POINT('',(0.8,2.5,3.75));
#1626 = VECTOR('',#1627,1.);
#1627 = DIRECTION('',(0.,5.9E-16,1.));
#1628 = ORIENTED_EDGE('',*,*,#1484,.T.);
#1629 = ORIENTED_EDGE('',*,*,#1029,.F.);
#1630 = PLANE('',#1631);
#1631 = AXIS2_PLACEMENT_3D('',#1632,#1633,#1634);
#1632 = CARTESIAN_POINT('',(0.8,4.3,5.));
#1633 = DIRECTION('',(-1.,0.,0.));
#1634 = DIRECTION('',(0.,-1.,0.));
#1635 = ADVANCED_FACE('',(#1636),#1649,.T.);
#1636 = FACE_BOUND('',#1637,.T.);
#1637 = EDGE_LOOP('',(#1638,#1639,#1640,#1641,#1647,#1648));
#1638 = ORIENTED_EDGE('',*,*,#976,.T.);
#1639 = ORIENTED_EDGE('',*,*,#940,.T.);
#1640 = ORIENTED_EDGE('',*,*,#1572,.F.);
#1641 = ORIENTED_EDGE('',*,*,#1642,.T.);
#1642 = EDGE_CURVE('',#1573,#1469,#1643,.T.);
#1643 = LINE('',#1644,#1645);
#1644 = CARTESIAN_POINT('',(0.241666666667,2.5,3.));
#1645 = VECTOR('',#1646,1.);
#1646 = DIRECTION('',(1.,-3.4E-16,0.));
#1647 = ORIENTED_EDGE('',*,*,#1477,.T.);
#1648 = ORIENTED_EDGE('',*,*,#1012,.T.);
#1649 = PLANE('',#1650);
#1650 = AXIS2_PLACEMENT_3D('',#1651,#1652,#1653);
#1651 = CARTESIAN_POINT('',(0.483333333334,-0.399999999999,3.));
#1652 = DIRECTION('',(0.,0.,1.));
#1653 = DIRECTION('',(1.,0.,0.));
#1654 = ADVANCED_FACE('',(#1655),#1661,.T.);
#1655 = FACE_BOUND('',#1656,.T.);
#1656 = EDGE_LOOP('',(#1657,#1658,#1659,#1660));
#1657 = ORIENTED_EDGE('',*,*,#1156,.T.);
#1658 = ORIENTED_EDGE('',*,*,#1228,.T.);
#1659 = ORIENTED_EDGE('',*,*,#1514,.T.);
#1660 = ORIENTED_EDGE('',*,*,#1068,.T.);
#1661 = PLANE('',#1662);
#1662 = AXIS2_PLACEMENT_3D('',#1663,#1664,#1665);
#1663 = CARTESIAN_POINT('',(0.483333333334,-0.399999999999,3.));
#1664 = DIRECTION('',(0.,0.,1.));
#1665 = DIRECTION('',(1.,0.,0.));
#1666 = ADVANCED_FACE('',(#1667),#1673,.F.);
#1667 = FACE_BOUND('',#1668,.F.);
#1668 = EDGE_LOOP('',(#1669,#1670,#1671,#1672));
#1669 = ORIENTED_EDGE('',*,*,#1409,.F.);
#1670 = ORIENTED_EDGE('',*,*,#1211,.T.);
#1671 = ORIENTED_EDGE('',*,*,#1521,.T.);
#1672 = ORIENTED_EDGE('',*,*,#1085,.F.);
#1673 = PLANE('',#1674);
#1674 = AXIS2_PLACEMENT_3D('',#1675,#1676,#1677);
#1675 = CARTESIAN_POINT('',(0.8,-2.7,5.));
#1676 = DIRECTION('',(-1.,0.,0.));
#1677 = DIRECTION('',(0.,-1.,0.));
#1678 = ADVANCED_FACE('',(#1679),#1682,.F.);
#1679 = FACE_BOUND('',#1680,.T.);
#1680 = EDGE_LOOP('',(#1681));
#1681 = ORIENTED_EDGE('',*,*,#1253,.T.);
#1682 = PLANE('',#1683);
#1683 = AXIS2_PLACEMENT_3D('',#1684,#1685,#1686);
#1684 = CARTESIAN_POINT('',(-1.335390754433E-17,-0.2,-0.7));
#1685 = DIRECTION('',(0.,0.,1.));
#1686 = DIRECTION('',(1.,0.,0.));
#1687 = ADVANCED_FACE('',(#1688),#1691,.F.);
#1688 = FACE_BOUND('',#1689,.T.);
#1689 = EDGE_LOOP('',(#1690));
#1690 = ORIENTED_EDGE('',*,*,#1278,.T.);
#1691 = PLANE('',#1692);
#1692 = AXIS2_PLACEMENT_3D('',#1693,#1694,#1695);
#1693 = CARTESIAN_POINT('',(-1.335390754433E-17,-0.2,-0.7));
#1694 = DIRECTION('',(0.,0.,1.));
#1695 = DIRECTION('',(1.,0.,0.));
#1696 = ADVANCED_FACE('',(#1697),#1730,.F.);
#1697 = FACE_BOUND('',#1698,.F.);
#1698 = EDGE_LOOP('',(#1699,#1700,#1708,#1715,#1722,#1729));
#1699 = ORIENTED_EDGE('',*,*,#1353,.F.);
#1700 = ORIENTED_EDGE('',*,*,#1701,.T.);
#1701 = EDGE_CURVE('',#1354,#1702,#1704,.T.);
#1702 = VERTEX_POINT('',#1703);
#1703 = CARTESIAN_POINT('',(2.5,-5.5,2.5));
#1704 = LINE('',#1705,#1706);
#1705 = CARTESIAN_POINT('',(2.5,-8.5,2.5));
#1706 = VECTOR('',#1707,1.);
#1707 = DIRECTION('',(0.,1.,-2.22044604925E-16));
#1708 = ORIENTED_EDGE('',*,*,#1709,.T.);
#1709 = EDGE_CURVE('',#1702,#1313,#1710,.T.);
#1710 = CIRCLE('',#1711,2.5);
#1711 = AXIS2_PLACEMENT_3D('',#1712,#1713,#1714);
#1712 = CARTESIAN_POINT('',(0.,-5.5,2.5));
#1713 = DIRECTION('',(0.,-1.,2.22044604925E-16));
#1714 = DIRECTION('',(1.,0.,0.));
#1715 = ORIENTED_EDGE('',*,*,#1716,.T.);
#1716 = EDGE_CURVE('',#1313,#150,#1717,.T.);
#1717 = CIRCLE('',#1718,2.5);
#1718 = AXIS2_PLACEMENT_3D('',#1719,#1720,#1721);
#1719 = CARTESIAN_POINT('',(0.,-5.5,2.5));
#1720 = DIRECTION('',(0.,-1.,2.22044604925E-16));
#1721 = DIRECTION('',(1.,0.,0.));
#1722 = ORIENTED_EDGE('',*,*,#1723,.T.);
#1723 = EDGE_CURVE('',#150,#1702,#1724,.T.);
#1724 = CIRCLE('',#1725,2.5);
#1725 = AXIS2_PLACEMENT_3D('',#1726,#1727,#1728);
#1726 = CARTESIAN_POINT('',(0.,-5.5,2.5));
#1727 = DIRECTION('',(0.,-1.,2.22044604925E-16));
#1728 = DIRECTION('',(1.,0.,0.));
#1729 = ORIENTED_EDGE('',*,*,#1701,.F.);
#1730 = CYLINDRICAL_SURFACE('',#1731,2.5);
#1731 = AXIS2_PLACEMENT_3D('',#1732,#1733,#1734);
#1732 = CARTESIAN_POINT('',(0.,-8.5,2.5));
#1733 = DIRECTION('',(0.,-1.,2.22044604925E-16));
#1734 = DIRECTION('',(1.,0.,0.));
#1735 = ADVANCED_FACE('',(#1736,#1741),#1744,.F.);
#1736 = FACE_BOUND('',#1737,.T.);
#1737 = EDGE_LOOP('',(#1738,#1739,#1740));
#1738 = ORIENTED_EDGE('',*,*,#1709,.T.);
#1739 = ORIENTED_EDGE('',*,*,#1716,.T.);
#1740 = ORIENTED_EDGE('',*,*,#1723,.T.);
#1741 = FACE_BOUND('',#1742,.F.);
#1742 = EDGE_LOOP('',(#1743));
#1743 = ORIENTED_EDGE('',*,*,#1451,.T.);
#1744 = PLANE('',#1745);
#1745 = AXIS2_PLACEMENT_3D('',#1746,#1747,#1748);
#1746 = CARTESIAN_POINT('',(-2.010941371382E-16,-5.5,2.5));
#1747 = DIRECTION('',(2.627720715519E-16,1.,-4.55134578738E-16));
#1748 = DIRECTION('',(0.,4.55134578738E-16,1.));
#1749 = ADVANCED_FACE('',(#1750),#1758,.F.);
#1750 = FACE_BOUND('',#1751,.F.);
#1751 = EDGE_LOOP('',(#1752,#1753,#1754,#1755,#1756,#1757));
#1752 = ORIENTED_EDGE('',*,*,#1468,.F.);
#1753 = ORIENTED_EDGE('',*,*,#1492,.F.);
#1754 = ORIENTED_EDGE('',*,*,#1623,.F.);
#1755 = ORIENTED_EDGE('',*,*,#1556,.F.);
#1756 = ORIENTED_EDGE('',*,*,#1580,.F.);
#1757 = ORIENTED_EDGE('',*,*,#1642,.T.);
#1758 = PLANE('',#1759);
#1759 = AXIS2_PLACEMENT_3D('',#1760,#1761,#1762);
#1760 = CARTESIAN_POINT('',(-2.E-16,2.5,2.5));
#1761 = DIRECTION('',(3.4E-16,1.,-5.9E-16));
#1762 = DIRECTION('',(0.,5.9E-16,1.));
#1763 = ( GEOMETRIC_REPRESENTATION_CONTEXT(3) 
GLOBAL_UNCERTAINTY_ASSIGNED_CONTEXT((#1767)) 
GLOBAL_UNIT_ASSIGNED_CONTEXT((#1764,#1765,#1766)) REPRESENTATION_CONTEXT
('Context #1','3D Context with UNIT and UNCERTAINTY') );
#1764 = ( LENGTH_UNIT() NAMED_UNIT(*) SI_UNIT(.MILLI.,.METRE.) );
#1765 = ( NAMED_UNIT(*) PLANE_ANGLE_UNIT() SI_UNIT($,.RADIAN.) );
#1766 = ( NAMED_UNIT(*) SI_UNIT($,.STERADIAN.) SOLID_ANGLE_UNIT() );
#1767 = UNCERTAINTY_MEASURE_WITH_UNIT(LENGTH_MEASURE(1.E-05),#1764,
  'distance_accuracy_value','confusion accuracy');
#1768 = CONTEXT_DEPENDENT_SHAPE_REPRESENTATION(#1769,#1771);
#1769 = ( REPRESENTATION_RELATIONSHIP('','',#44,#10) 
REPRESENTATION_RELATIONSHIP_WITH_TRANSFORMATION(#1770) 
SHAPE_REPRESENTATION_RELATIONSHIP() );
#1770 = ITEM_DEFINED_TRANSFORMATION('','',#11,#15);
#1771 = PRODUCT_DEFINITION_SHAPE('Placement','Placement of an item',
  #1772);
#1772 = NEXT_ASSEMBLY_USAGE_OCCURRENCE('1','Body','',#5,#39,$);
#1773 = PRODUCT_RELATED_PRODUCT_CATEGORY('part',$,(#41));
#1774 = SHAPE_DEFINITION_REPRESENTATION(#1775,#1781);
#1775 = PRODUCT_DEFINITION_SHAPE('','',#1776);
#1776 = PRODUCT_DEFINITION('design','',#1777,#1780);
#1777 = PRODUCT_DEFINITION_FORMATION('','',#1778);
#1778 = PRODUCT('Body001','Body001','',(#1779));
#1779 = PRODUCT_CONTEXT('',#2,'mechanical');
#1780 = PRODUCT_DEFINITION_CONTEXT('part definition',#2,'design');
#1781 = ADVANCED_BREP_SHAPE_REPRESENTATION('',(#11,#1782),#1900);
#1782 = MANIFOLD_SOLID_BREP('',#1783);
#1783 = CLOSED_SHELL('',(#1784,#1817,#1843,#1863,#1883));
#1784 = ADVANCED_FACE('',(#1785),#1812,.F.);
#1785 = FACE_BOUND('',#1786,.T.);
#1786 = EDGE_LOOP('',(#1787,#1797,#1804,#1805));
#1787 = ORIENTED_EDGE('',*,*,#1788,.T.);
#1788 = EDGE_CURVE('',#1789,#1791,#1793,.T.);
#1789 = VERTEX_POINT('',#1790);
#1790 = CARTESIAN_POINT('',(1.75,-5.5,2.5));
#1791 = VERTEX_POINT('',#1792);
#1792 = CARTESIAN_POINT('',(1.75,-7.7501,2.5));
#1793 = LINE('',#1794,#1795);
#1794 = CARTESIAN_POINT('',(1.75,-5.5,2.5));
#1795 = VECTOR('',#1796,1.);
#1796 = DIRECTION('',(0.,-1.,2.22044604925E-16));
#1797 = ORIENTED_EDGE('',*,*,#1798,.T.);
#1798 = EDGE_CURVE('',#1791,#1791,#1799,.T.);
#1799 = CIRCLE('',#1800,1.75);
#1800 = AXIS2_PLACEMENT_3D('',#1801,#1802,#1803);
#1801 = CARTESIAN_POINT('',(-1.445246393535E-15,-7.7501,2.5));
#1802 = DIRECTION('',(0.,-1.,2.27567289369E-16));
#1803 = DIRECTION('',(1.,-2.219141411768E-32,-9.751583445589E-17));
#1804 = ORIENTED_EDGE('',*,*,#1788,.F.);
#1805 = ORIENTED_EDGE('',*,*,#1806,.F.);
#1806 = EDGE_CURVE('',#1789,#1789,#1807,.T.);
#1807 = CIRCLE('',#1808,1.75);
#1808 = AXIS2_PLACEMENT_3D('',#1809,#1810,#1811);
#1809 = CARTESIAN_POINT('',(-1.445246393535E-15,-5.5,2.5));
#1810 = DIRECTION('',(0.,-1.,2.22044604925E-16));
#1811 = DIRECTION('',(1.,0.,0.));
#1812 = CYLINDRICAL_SURFACE('',#1813,1.75);
#1813 = AXIS2_PLACEMENT_3D('',#1814,#1815,#1816);
#1814 = CARTESIAN_POINT('',(-1.445246393535E-15,-5.5,2.5));
#1815 = DIRECTION('',(0.,1.,-2.22044604925E-16));
#1816 = DIRECTION('',(1.,0.,0.));
#1817 = ADVANCED_FACE('',(#1818),#1838,.T.);
#1818 = FACE_BOUND('',#1819,.F.);
#1819 = EDGE_LOOP('',(#1820,#1829,#1830,#1831));
#1820 = ORIENTED_EDGE('',*,*,#1821,.F.);
#1821 = EDGE_CURVE('',#1791,#1822,#1824,.T.);
#1822 = VERTEX_POINT('',#1823);
#1823 = CARTESIAN_POINT('',(2.4999,-8.5,2.5));
#1824 = CIRCLE('',#1825,0.7499);
#1825 = AXIS2_PLACEMENT_3D('',#1826,#1827,#1828);
#1826 = CARTESIAN_POINT('',(2.4999,-7.7501,2.5));
#1827 = DIRECTION('',(9.751583445589E-17,2.27567289369E-16,1.));
#1828 = DIRECTION('',(1.,-2.219141411768E-32,-9.751583445589E-17));
#1829 = ORIENTED_EDGE('',*,*,#1798,.F.);
#1830 = ORIENTED_EDGE('',*,*,#1821,.T.);
#1831 = ORIENTED_EDGE('',*,*,#1832,.T.);
#1832 = EDGE_CURVE('',#1822,#1822,#1833,.T.);
#1833 = CIRCLE('',#1834,2.4999);
#1834 = AXIS2_PLACEMENT_3D('',#1835,#1836,#1837);
#1835 = CARTESIAN_POINT('',(-1.445246393535E-15,-8.5,2.5));
#1836 = DIRECTION('',(0.,-1.,2.27567289369E-16));
#1837 = DIRECTION('',(1.,-2.219141411768E-32,-9.751583445589E-17));
#1838 = TOROIDAL_SURFACE('',#1839,2.4999,0.7499);
#1839 = AXIS2_PLACEMENT_3D('',#1840,#1841,#1842);
#1840 = CARTESIAN_POINT('',(-1.445246393535E-15,-7.7501,2.5));
#1841 = DIRECTION('',(0.,1.,-2.27567289369E-16));
#1842 = DIRECTION('',(1.,-2.219141411768E-32,-9.751583445589E-17));
#1843 = ADVANCED_FACE('',(#1844,#1855),#1858,.T.);
#1844 = FACE_BOUND('',#1845,.F.);
#1845 = EDGE_LOOP('',(#1846));
#1846 = ORIENTED_EDGE('',*,*,#1847,.T.);
#1847 = EDGE_CURVE('',#1848,#1848,#1850,.T.);
#1848 = VERTEX_POINT('',#1849);
#1849 = CARTESIAN_POINT('',(2.5,-5.5,2.5));
#1850 = CIRCLE('',#1851,2.5);
#1851 = AXIS2_PLACEMENT_3D('',#1852,#1853,#1854);
#1852 = CARTESIAN_POINT('',(-1.445246393535E-15,-5.5,2.5));
#1853 = DIRECTION('',(0.,-1.,2.22044604925E-16));
#1854 = DIRECTION('',(1.,0.,0.));
#1855 = FACE_BOUND('',#1856,.T.);
#1856 = EDGE_LOOP('',(#1857));
#1857 = ORIENTED_EDGE('',*,*,#1806,.T.);
#1858 = PLANE('',#1859);
#1859 = AXIS2_PLACEMENT_3D('',#1860,#1861,#1862);
#1860 = CARTESIAN_POINT('',(-1.628862510819E-15,-5.5,2.5));
#1861 = DIRECTION('',(0.,1.,-2.27567289369E-16));
#1862 = DIRECTION('',(0.,2.27567289369E-16,1.));
#1863 = ADVANCED_FACE('',(#1864,#1867),#1878,.F.);
#1864 = FACE_BOUND('',#1865,.F.);
#1865 = EDGE_LOOP('',(#1866));
#1866 = ORIENTED_EDGE('',*,*,#1832,.T.);
#1867 = FACE_BOUND('',#1868,.T.);
#1868 = EDGE_LOOP('',(#1869));
#1869 = ORIENTED_EDGE('',*,*,#1870,.T.);
#1870 = EDGE_CURVE('',#1871,#1871,#1873,.T.);
#1871 = VERTEX_POINT('',#1872);
#1872 = CARTESIAN_POINT('',(2.5,-8.5,2.5));
#1873 = CIRCLE('',#1874,2.5);
#1874 = AXIS2_PLACEMENT_3D('',#1875,#1876,#1877);
#1875 = CARTESIAN_POINT('',(-1.445246393535E-15,-8.5,2.5));
#1876 = DIRECTION('',(0.,-1.,2.22044604925E-16));
#1877 = DIRECTION('',(1.,0.,0.));
#1878 = PLANE('',#1879);
#1879 = AXIS2_PLACEMENT_3D('',#1880,#1881,#1882);
#1880 = CARTESIAN_POINT('',(-1.628862510819E-15,-8.5,2.5));
#1881 = DIRECTION('',(0.,1.,-2.27567289369E-16));
#1882 = DIRECTION('',(0.,2.27567289369E-16,1.));
#1883 = ADVANCED_FACE('',(#1884),#1895,.T.);
#1884 = FACE_BOUND('',#1885,.F.);
#1885 = EDGE_LOOP('',(#1886,#1892,#1893,#1894));
#1886 = ORIENTED_EDGE('',*,*,#1887,.T.);
#1887 = EDGE_CURVE('',#1848,#1871,#1888,.T.);
#1888 = LINE('',#1889,#1890);
#1889 = CARTESIAN_POINT('',(2.5,-5.5,2.5));
#1890 = VECTOR('',#1891,1.);
#1891 = DIRECTION('',(0.,-1.,2.22044604925E-16));
#1892 = ORIENTED_EDGE('',*,*,#1870,.T.);
#1893 = ORIENTED_EDGE('',*,*,#1887,.F.);
#1894 = ORIENTED_EDGE('',*,*,#1847,.F.);
#1895 = CYLINDRICAL_SURFACE('',#1896,2.5);
#1896 = AXIS2_PLACEMENT_3D('',#1897,#1898,#1899);
#1897 = CARTESIAN_POINT('',(-1.445246393535E-15,-5.5,2.5));
#1898 = DIRECTION('',(0.,1.,-2.22044604925E-16));
#1899 = DIRECTION('',(1.,0.,0.));
#1900 = ( GEOMETRIC_REPRESENTATION_CONTEXT(3) 
GLOBAL_UNCERTAINTY_ASSIGNED_CONTEXT((#1904)) 
GLOBAL_UNIT_ASSIGNED_CONTEXT((#1901,#1902,#1903)) REPRESENTATION_CONTEXT
('Context #1','3D Context with UNIT and UNCERTAINTY') );
#1901 = ( LENGTH_UNIT() NAMED_UNIT(*) SI_UNIT(.MILLI.,.METRE.) );
#1902 = ( NAMED_UNIT(*) PLANE_ANGLE_UNIT() SI_UNIT($,.RADIAN.) );
#1903 = ( NAMED_UNIT(*) SI_UNIT($,.STERADIAN.) SOLID_ANGLE_UNIT() );
#1904 = UNCERTAINTY_MEASURE_WITH_UNIT(LENGTH_MEASURE(1.E-07),#1901,
  'distance_accuracy_value','confusion accuracy');
#1905 = CONTEXT_DEPENDENT_SHAPE_REPRESENTATION(#1906,#1908);
#1906 = ( REPRESENTATION_RELATIONSHIP('','',#1781,#10) 
REPRESENTATION_RELATIONSHIP_WITH_TRANSFORMATION(#1907) 
SHAPE_REPRESENTATION_RELATIONSHIP() );
#1907 = ITEM_DEFINED_TRANSFORMATION('','',#11,#19);
#1908 = PRODUCT_DEFINITION_SHAPE('Placement','Placement of an item',
  #1909);
#1909 = NEXT_ASSEMBLY_USAGE_OCCURRENCE('2','Body001','',#5,#1776,$);
#1910 = PRODUCT_RELATED_PRODUCT_CATEGORY('part',$,(#1778));
#1911 = SHAPE_DEFINITION_REPRESENTATION(#1912,#1918);
#1912 = PRODUCT_DEFINITION_SHAPE('','',#1913);
#1913 = PRODUCT_DEFINITION('design','',#1914,#1917);
#1914 = PRODUCT_DEFINITION_FORMATION('','',#1915);
#1915 = PRODUCT('Array','Array','',(#1916));
#1916 = PRODUCT_CONTEXT('',#2,'mechanical');
#1917 = PRODUCT_DEFINITION_CONTEXT('part definition',#2,'design');
#1918 = SHAPE_REPRESENTATION('',(#11,#1919,#1923),#1927);
#1919 = AXIS2_PLACEMENT_3D('',#1920,#1921,#1922);
#1920 = CARTESIAN_POINT('',(0.,0.,0.));
#1921 = DIRECTION('',(0.,0.,1.));
#1922 = DIRECTION('',(1.,0.,0.));
#1923 = AXIS2_PLACEMENT_3D('',#1924,#1925,#1926);
#1924 = CARTESIAN_POINT('',(0.,7.,0.));
#1925 = DIRECTION('',(0.,0.,1.));
#1926 = DIRECTION('',(1.,0.,0.));
#1927 = ( GEOMETRIC_REPRESENTATION_CONTEXT(3) 
GLOBAL_UNCERTAINTY_ASSIGNED_CONTEXT((#1931)) 
GLOBAL_UNIT_ASSIGNED_CONTEXT((#1928,#1929,#1930)) REPRESENTATION_CONTEXT
('Context #1','3D Context with UNIT and UNCERTAINTY') );
#1928 = ( LENGTH_UNIT() NAMED_UNIT(*) SI_UNIT(.MILLI.,.METRE.) );
#1929 = ( NAMED_UNIT(*) PLANE_ANGLE_UNIT() SI_UNIT($,.RADIAN.) );
#1930 = ( NAMED_UNIT(*) SI_UNIT($,.STERADIAN.) SOLID_ANGLE_UNIT() );
#1931 = UNCERTAINTY_MEASURE_WITH_UNIT(LENGTH_MEASURE(5.E-07),#1928,
  'distance_accuracy_value','confusion accuracy');
#1932 = CONTEXT_DEPENDENT_SHAPE_REPRESENTATION(#1933,#1935);
#1933 = ( REPRESENTATION_RELATIONSHIP('','',#1918,#10) 
REPRESENTATION_RELATIONSHIP_WITH_TRANSFORMATION(#1934) 
SHAPE_REPRESENTATION_RELATIONSHIP() );
#1934 = ITEM_DEFINED_TRANSFORMATION('','',#11,#23);
#1935 = PRODUCT_DEFINITION_SHAPE('Placement','Placement of an item',
  #1936);
#1936 = NEXT_ASSEMBLY_USAGE_OCCURRENCE('5','Array','',#5,#1913,$);
#1937 = PRODUCT_RELATED_PRODUCT_CATEGORY('part',$,(#1915));
#1938 = SHAPE_DEFINITION_REPRESENTATION(#1939,#1945);
#1939 = PRODUCT_DEFINITION_SHAPE('','',#1940);
#1940 = PRODUCT_DEFINITION('design','',#1941,#1944);
#1941 = PRODUCT_DEFINITION_FORMATION('','',#1942);
#1942 = PRODUCT('Body002','Body002','',(#1943));
#1943 = PRODUCT_CONTEXT('',#2,'mechanical');
#1944 = PRODUCT_DEFINITION_CONTEXT('part definition',#2,'design');
#1945 = ADVANCED_BREP_SHAPE_REPRESENTATION('',(#11,#1946),#2846);
#1946 = MANIFOLD_SOLID_BREP('',#1947);
#1947 = CLOSED_SHELL('',(#1948,#1988,#2019,#2052,#2085,#2116,#2138,#2163
    ,#2188,#2280,#2298,#2322,#2340,#2352,#2364,#2395,#2420,#2444,#2468,
    #2560,#2585,#2610,#2694,#2715,#2737,#2754,#2766,#2783,#2800,#2817,
    #2834));
#1948 = ADVANCED_FACE('',(#1949),#1983,.T.);
#1949 = FACE_BOUND('',#1950,.T.);
#1950 = EDGE_LOOP('',(#1951,#1961,#1969,#1977));
#1951 = ORIENTED_EDGE('',*,*,#1952,.T.);
#1952 = EDGE_CURVE('',#1953,#1955,#1957,.T.);
#1953 = VERTEX_POINT('',#1954);
#1954 = CARTESIAN_POINT('',(2.35,-4.423673019292,1.));
#1955 = VERTEX_POINT('',#1956);
#1956 = CARTESIAN_POINT('',(2.5,-4.423673019292,1.));
#1957 = LINE('',#1958,#1959);
#1958 = CARTESIAN_POINT('',(2.3,-4.423673019292,1.));
#1959 = VECTOR('',#1960,1.);
#1960 = DIRECTION('',(1.,0.,0.));
#1961 = ORIENTED_EDGE('',*,*,#1962,.T.);
#1962 = EDGE_CURVE('',#1955,#1963,#1965,.T.);
#1963 = VERTEX_POINT('',#1964);
#1964 = CARTESIAN_POINT('',(2.5,-4.6,2.));
#1965 = LINE('',#1966,#1967);
#1966 = CARTESIAN_POINT('',(2.5,-4.423673019292,1.));
#1967 = VECTOR('',#1968,1.);
#1968 = DIRECTION('',(0.,-0.173648177667,0.984807753012));
#1969 = ORIENTED_EDGE('',*,*,#1970,.F.);
#1970 = EDGE_CURVE('',#1971,#1963,#1973,.T.);
#1971 = VERTEX_POINT('',#1972);
#1972 = CARTESIAN_POINT('',(2.35,-4.6,2.));
#1973 = LINE('',#1974,#1975);
#1974 = CARTESIAN_POINT('',(2.3,-4.6,2.));
#1975 = VECTOR('',#1976,1.);
#1976 = DIRECTION('',(1.,0.,0.));
#1977 = ORIENTED_EDGE('',*,*,#1978,.F.);
#1978 = EDGE_CURVE('',#1953,#1971,#1979,.T.);
#1979 = LINE('',#1980,#1981);
#1980 = CARTESIAN_POINT('',(2.35,-4.423673019292,1.));
#1981 = VECTOR('',#1982,1.);
#1982 = DIRECTION('',(0.,-0.173648177667,0.984807753012));
#1983 = PLANE('',#1984);
#1984 = AXIS2_PLACEMENT_3D('',#1985,#1986,#1987);
#1985 = CARTESIAN_POINT('',(2.3,-4.423673019292,1.));
#1986 = DIRECTION('',(0.,-0.984807753012,-0.173648177667));
#1987 = DIRECTION('',(0.,-0.173648177667,0.984807753012));
#1988 = ADVANCED_FACE('',(#1989),#2014,.T.);
#1989 = FACE_BOUND('',#1990,.T.);
#1990 = EDGE_LOOP('',(#1991,#2001,#2007,#2008));
#1991 = ORIENTED_EDGE('',*,*,#1992,.T.);
#1992 = EDGE_CURVE('',#1993,#1995,#1997,.T.);
#1993 = VERTEX_POINT('',#1994);
#1994 = CARTESIAN_POINT('',(2.35,-3.976326980708,1.));
#1995 = VERTEX_POINT('',#1996);
#1996 = CARTESIAN_POINT('',(2.5,-3.976326980708,1.));
#1997 = LINE('',#1998,#1999);
#1998 = CARTESIAN_POINT('',(2.3,-3.976326980708,1.));
#1999 = VECTOR('',#2000,1.);
#2000 = DIRECTION('',(1.,0.,0.));
#2001 = ORIENTED_EDGE('',*,*,#2002,.T.);
#2002 = EDGE_CURVE('',#1995,#1955,#2003,.T.);
#2003 = LINE('',#2004,#2005);
#2004 = CARTESIAN_POINT('',(2.5,-3.976326980708,1.));
#2005 = VECTOR('',#2006,1.);
#2006 = DIRECTION('',(0.,-1.,0.));
#2007 = ORIENTED_EDGE('',*,*,#1952,.F.);
#2008 = ORIENTED_EDGE('',*,*,#2009,.F.);
#2009 = EDGE_CURVE('',#1993,#1953,#2010,.T.);
#2010 = LINE('',#2011,#2012);
#2011 = CARTESIAN_POINT('',(2.35,-3.976326980708,1.));
#2012 = VECTOR('',#2013,1.);
#2013 = DIRECTION('',(0.,-1.,0.));
#2014 = PLANE('',#2015);
#2015 = AXIS2_PLACEMENT_3D('',#2016,#2017,#2018);
#2016 = CARTESIAN_POINT('',(2.3,-3.976326980708,1.));
#2017 = DIRECTION('',(0.,0.,-1.));
#2018 = DIRECTION('',(0.,-1.,0.));
#2019 = ADVANCED_FACE('',(#2020),#2047,.F.);
#2020 = FACE_BOUND('',#2021,.F.);
#2021 = EDGE_LOOP('',(#2022,#2031,#2039,#2046));
#2022 = ORIENTED_EDGE('',*,*,#2023,.T.);
#2023 = EDGE_CURVE('',#1953,#2024,#2026,.T.);
#2024 = VERTEX_POINT('',#2025);
#2025 = CARTESIAN_POINT('',(2.3,-4.465628000851,0.95));
#2026 = ELLIPSE('',#2027,6.527036446663E-02,5.E-02);
#2027 = AXIS2_PLACEMENT_3D('',#2028,#2029,#2030);
#2028 = CARTESIAN_POINT('',(2.35,-4.465628000851,0.95));
#2029 = DIRECTION('',(0.,-0.766044443119,0.642787609687));
#2030 = DIRECTION('',(0.,-0.642787609687,-0.766044443119));
#2031 = ORIENTED_EDGE('',*,*,#2032,.T.);
#2032 = EDGE_CURVE('',#2024,#2033,#2035,.T.);
#2033 = VERTEX_POINT('',#2034);
#2034 = CARTESIAN_POINT('',(2.3,-4.65958767963,2.05));
#2035 = LINE('',#2036,#2037);
#2036 = CARTESIAN_POINT('',(2.3,-4.472913406943,0.991317591117));
#2037 = VECTOR('',#2038,1.);
#2038 = DIRECTION('',(0.,-0.173648177667,0.984807753012));
#2039 = ORIENTED_EDGE('',*,*,#2040,.F.);
#2040 = EDGE_CURVE('',#1971,#2033,#2041,.T.);
#2041 = ELLIPSE('',#2042,7.7786191343E-02,5.E-02);
#2042 = AXIS2_PLACEMENT_3D('',#2043,#2044,#2045);
#2043 = CARTESIAN_POINT('',(2.35,-4.65958767963,2.05));
#2044 = DIRECTION('',(-0.,0.642787609687,0.766044443119));
#2045 = DIRECTION('',(0.,-0.766044443119,0.642787609687));
#2046 = ORIENTED_EDGE('',*,*,#1978,.F.);
#2047 = CYLINDRICAL_SURFACE('',#2048,5.E-02);
#2048 = AXIS2_PLACEMENT_3D('',#2049,#2050,#2051);
#2049 = CARTESIAN_POINT('',(2.35,-4.472913406943,0.991317591117));
#2050 = DIRECTION('',(0.,-0.173648177667,0.984807753012));
#2051 = DIRECTION('',(0.,0.984807753012,0.173648177667));
#2052 = ADVANCED_FACE('',(#2053),#2080,.T.);
#2053 = FACE_BOUND('',#2054,.T.);
#2054 = EDGE_LOOP('',(#2055,#2064,#2072,#2079));
#2055 = ORIENTED_EDGE('',*,*,#2056,.T.);
#2056 = EDGE_CURVE('',#1955,#2057,#2059,.T.);
#2057 = VERTEX_POINT('',#2058);
#2058 = CARTESIAN_POINT('',(2.6,-4.339763056174,1.1));
#2059 = ELLIPSE('',#2060,0.130540728933,0.1);
#2060 = AXIS2_PLACEMENT_3D('',#2061,#2062,#2063);
#2061 = CARTESIAN_POINT('',(2.5,-4.339763056174,1.1));
#2062 = DIRECTION('',(0.,-0.766044443119,0.642787609687));
#2063 = DIRECTION('',(0.,0.642787609687,0.766044443119));
#2064 = ORIENTED_EDGE('',*,*,#2065,.T.);
#2065 = EDGE_CURVE('',#2057,#2066,#2068,.T.);
#2066 = VERTEX_POINT('',#2067);
#2067 = CARTESIAN_POINT('',(2.6,-4.480824640741,1.9));
#2068 = LINE('',#2069,#2070);
#2069 = CARTESIAN_POINT('',(2.6,-4.325192243991,1.017364817767));
#2070 = VECTOR('',#2071,1.);
#2071 = DIRECTION('',(0.,-0.173648177667,0.984807753012));
#2072 = ORIENTED_EDGE('',*,*,#2073,.F.);
#2073 = EDGE_CURVE('',#1963,#2066,#2074,.T.);
#2074 = ELLIPSE('',#2075,0.155572382686,0.1);
#2075 = AXIS2_PLACEMENT_3D('',#2076,#2077,#2078);
#2076 = CARTESIAN_POINT('',(2.5,-4.480824640741,1.9));
#2077 = DIRECTION('',(0.,0.642787609687,0.766044443119));
#2078 = DIRECTION('',(0.,0.766044443119,-0.642787609687));
#2079 = ORIENTED_EDGE('',*,*,#1962,.F.);
#2080 = CYLINDRICAL_SURFACE('',#2081,0.1);
#2081 = AXIS2_PLACEMENT_3D('',#2082,#2083,#2084);
#2082 = CARTESIAN_POINT('',(2.5,-4.325192243991,1.017364817767));
#2083 = DIRECTION('',(0.,-0.173648177667,0.984807753012));
#2084 = DIRECTION('',(-0.,-0.984807753012,-0.173648177667));
#2085 = ADVANCED_FACE('',(#2086),#2111,.T.);
#2086 = FACE_BOUND('',#2087,.T.);
#2087 = EDGE_LOOP('',(#2088,#2089,#2097,#2105));
#2088 = ORIENTED_EDGE('',*,*,#1970,.T.);
#2089 = ORIENTED_EDGE('',*,*,#2090,.T.);
#2090 = EDGE_CURVE('',#1963,#2091,#2093,.T.);
#2091 = VERTEX_POINT('',#2092);
#2092 = CARTESIAN_POINT('',(2.5,-3.8,2.));
#2093 = LINE('',#2094,#2095);
#2094 = CARTESIAN_POINT('',(2.5,-4.6,2.));
#2095 = VECTOR('',#2096,1.);
#2096 = DIRECTION('',(0.,1.,0.));
#2097 = ORIENTED_EDGE('',*,*,#2098,.F.);
#2098 = EDGE_CURVE('',#2099,#2091,#2101,.T.);
#2099 = VERTEX_POINT('',#2100);
#2100 = CARTESIAN_POINT('',(2.35,-3.8,2.));
#2101 = LINE('',#2102,#2103);
#2102 = CARTESIAN_POINT('',(2.3,-3.8,2.));
#2103 = VECTOR('',#2104,1.);
#2104 = DIRECTION('',(1.,0.,0.));
#2105 = ORIENTED_EDGE('',*,*,#2106,.F.);
#2106 = EDGE_CURVE('',#1971,#2099,#2107,.T.);
#2107 = LINE('',#2108,#2109);
#2108 = CARTESIAN_POINT('',(2.35,-4.6,2.));
#2109 = VECTOR('',#2110,1.);
#2110 = DIRECTION('',(0.,1.,0.));
#2111 = PLANE('',#2112);
#2112 = AXIS2_PLACEMENT_3D('',#2113,#2114,#2115);
#2113 = CARTESIAN_POINT('',(2.3,-4.6,2.));
#2114 = DIRECTION('',(0.,0.,1.));
#2115 = DIRECTION('',(0.,1.,0.));
#2116 = ADVANCED_FACE('',(#2117),#2133,.T.);
#2117 = FACE_BOUND('',#2118,.T.);
#2118 = EDGE_LOOP('',(#2119,#2120,#2126,#2127));
#2119 = ORIENTED_EDGE('',*,*,#2098,.T.);
#2120 = ORIENTED_EDGE('',*,*,#2121,.T.);
#2121 = EDGE_CURVE('',#2091,#1995,#2122,.T.);
#2122 = LINE('',#2123,#2124);
#2123 = CARTESIAN_POINT('',(2.5,-3.8,2.));
#2124 = VECTOR('',#2125,1.);
#2125 = DIRECTION('',(0.,-0.173648177666,-0.984807753012));
#2126 = ORIENTED_EDGE('',*,*,#1992,.F.);
#2127 = ORIENTED_EDGE('',*,*,#2128,.F.);
#2128 = EDGE_CURVE('',#2099,#1993,#2129,.T.);
#2129 = LINE('',#2130,#2131);
#2130 = CARTESIAN_POINT('',(2.35,-3.8,2.));
#2131 = VECTOR('',#2132,1.);
#2132 = DIRECTION('',(0.,-0.173648177666,-0.984807753012));
#2133 = PLANE('',#2134);
#2134 = AXIS2_PLACEMENT_3D('',#2135,#2136,#2137);
#2135 = CARTESIAN_POINT('',(2.3,-3.8,2.));
#2136 = DIRECTION('',(0.,0.984807753012,-0.173648177666));
#2137 = DIRECTION('',(0.,-0.173648177666,-0.984807753012));
#2138 = ADVANCED_FACE('',(#2139),#2158,.F.);
#2139 = FACE_BOUND('',#2140,.F.);
#2140 = EDGE_LOOP('',(#2141,#2150,#2156,#2157));
#2141 = ORIENTED_EDGE('',*,*,#2142,.F.);
#2142 = EDGE_CURVE('',#2143,#1993,#2145,.T.);
#2143 = VERTEX_POINT('',#2144);
#2144 = CARTESIAN_POINT('',(2.3,-3.934371999149,0.95));
#2145 = ELLIPSE('',#2146,6.527036446664E-02,5.E-02);
#2146 = AXIS2_PLACEMENT_3D('',#2147,#2148,#2149);
#2147 = CARTESIAN_POINT('',(2.35,-3.934371999149,0.95));
#2148 = DIRECTION('',(0.,0.766044443119,0.642787609687));
#2149 = DIRECTION('',(0.,0.642787609687,-0.766044443119));
#2150 = ORIENTED_EDGE('',*,*,#2151,.T.);
#2151 = EDGE_CURVE('',#2143,#2024,#2152,.T.);
#2152 = LINE('',#2153,#2154);
#2153 = CARTESIAN_POINT('',(2.3,-3.976326980708,0.95));
#2154 = VECTOR('',#2155,1.);
#2155 = DIRECTION('',(0.,-1.,0.));
#2156 = ORIENTED_EDGE('',*,*,#2023,.F.);
#2157 = ORIENTED_EDGE('',*,*,#2009,.F.);
#2158 = CYLINDRICAL_SURFACE('',#2159,5.E-02);
#2159 = AXIS2_PLACEMENT_3D('',#2160,#2161,#2162);
#2160 = CARTESIAN_POINT('',(2.35,-3.976326980708,0.95));
#2161 = DIRECTION('',(0.,-1.,0.));
#2162 = DIRECTION('',(0.,0.,1.));
#2163 = ADVANCED_FACE('',(#2164),#2183,.T.);
#2164 = FACE_BOUND('',#2165,.T.);
#2165 = EDGE_LOOP('',(#2166,#2175,#2181,#2182));
#2166 = ORIENTED_EDGE('',*,*,#2167,.T.);
#2167 = EDGE_CURVE('',#1995,#2168,#2170,.T.);
#2168 = VERTEX_POINT('',#2169);
#2169 = CARTESIAN_POINT('',(2.6,-4.060236943825,1.1));
#2170 = ELLIPSE('',#2171,0.130540728933,0.1);
#2171 = AXIS2_PLACEMENT_3D('',#2172,#2173,#2174);
#2172 = CARTESIAN_POINT('',(2.5,-4.060236943825,1.1));
#2173 = DIRECTION('',(0.,-0.766044443119,-0.642787609687));
#2174 = DIRECTION('',(0.,0.642787609687,-0.766044443119));
#2175 = ORIENTED_EDGE('',*,*,#2176,.T.);
#2176 = EDGE_CURVE('',#2168,#2057,#2177,.T.);
#2177 = LINE('',#2178,#2179);
#2178 = CARTESIAN_POINT('',(2.6,-3.976326980708,1.1));
#2179 = VECTOR('',#2180,1.);
#2180 = DIRECTION('',(0.,-1.,0.));
#2181 = ORIENTED_EDGE('',*,*,#2056,.F.);
#2182 = ORIENTED_EDGE('',*,*,#2002,.F.);
#2183 = CYLINDRICAL_SURFACE('',#2184,0.1);
#2184 = AXIS2_PLACEMENT_3D('',#2185,#2186,#2187);
#2185 = CARTESIAN_POINT('',(2.5,-3.976326980708,1.1));
#2186 = DIRECTION('',(0.,-1.,0.));
#2187 = DIRECTION('',(0.,0.,-1.));
#2188 = ADVANCED_FACE('',(#2189,#2207),#2275,.T.);
#2189 = FACE_BOUND('',#2190,.T.);
#2190 = EDGE_LOOP('',(#2191,#2199,#2200,#2201));
#2191 = ORIENTED_EDGE('',*,*,#2192,.T.);
#2192 = EDGE_CURVE('',#2193,#2143,#2195,.T.);
#2193 = VERTEX_POINT('',#2194);
#2194 = CARTESIAN_POINT('',(2.3,-3.74041232037,2.05));
#2195 = LINE('',#2196,#2197);
#2196 = CARTESIAN_POINT('',(2.3,-3.750759612349,1.991317591117));
#2197 = VECTOR('',#2198,1.);
#2198 = DIRECTION('',(0.,-0.173648177666,-0.984807753012));
#2199 = ORIENTED_EDGE('',*,*,#2151,.T.);
#2200 = ORIENTED_EDGE('',*,*,#2032,.T.);
#2201 = ORIENTED_EDGE('',*,*,#2202,.T.);
#2202 = EDGE_CURVE('',#2033,#2193,#2203,.T.);
#2203 = LINE('',#2204,#2205);
#2204 = CARTESIAN_POINT('',(2.3,-4.6,2.05));
#2205 = VECTOR('',#2206,1.);
#2206 = DIRECTION('',(0.,1.,0.));
#2207 = FACE_BOUND('',#2208,.T.);
#2208 = EDGE_LOOP('',(#2209,#2219,#2228,#2236,#2245,#2253,#2261,#2269));
#2209 = ORIENTED_EDGE('',*,*,#2210,.T.);
#2210 = EDGE_CURVE('',#2211,#2213,#2215,.T.);
#2211 = VERTEX_POINT('',#2212);
#2212 = CARTESIAN_POINT('',(2.3,-3.7,-5.995204332976E-16));
#2213 = VERTEX_POINT('',#2214);
#2214 = CARTESIAN_POINT('',(2.3,-3.7,-2.05));
#2215 = LINE('',#2216,#2217);
#2216 = CARTESIAN_POINT('',(2.3,-3.7,-5.995204332976E-16));
#2217 = VECTOR('',#2218,1.);
#2218 = DIRECTION('',(0.,0.,-1.));
#2219 = ORIENTED_EDGE('',*,*,#2220,.T.);
#2220 = EDGE_CURVE('',#2213,#2221,#2223,.T.);
#2221 = VERTEX_POINT('',#2222);
#2222 = CARTESIAN_POINT('',(2.3,-3.25,-2.5));
#2223 = CIRCLE('',#2224,0.45);
#2224 = AXIS2_PLACEMENT_3D('',#2225,#2226,#2227);
#2225 = CARTESIAN_POINT('',(2.3,-3.25,-2.05));
#2226 = DIRECTION('',(1.,-0.,0.));
#2227 = DIRECTION('',(0.,0.,-1.));
#2228 = ORIENTED_EDGE('',*,*,#2229,.F.);
#2229 = EDGE_CURVE('',#2230,#2221,#2232,.T.);
#2230 = VERTEX_POINT('',#2231);
#2231 = CARTESIAN_POINT('',(2.3,-3.15,-2.5));
#2232 = LINE('',#2233,#2234);
#2233 = CARTESIAN_POINT('',(2.3,-2.7,-2.5));
#2234 = VECTOR('',#2235,1.);
#2235 = DIRECTION('',(0.,-1.,0.));
#2236 = ORIENTED_EDGE('',*,*,#2237,.T.);
#2237 = EDGE_CURVE('',#2230,#2238,#2240,.T.);
#2238 = VERTEX_POINT('',#2239);
#2239 = CARTESIAN_POINT('',(2.3,-2.7,-2.05));
#2240 = CIRCLE('',#2241,0.45);
#2241 = AXIS2_PLACEMENT_3D('',#2242,#2243,#2244);
#2242 = CARTESIAN_POINT('',(2.3,-3.15,-2.05));
#2243 = DIRECTION('',(1.,0.,-0.));
#2244 = DIRECTION('',(0.,0.,1.));
#2245 = ORIENTED_EDGE('',*,*,#2246,.F.);
#2246 = EDGE_CURVE('',#2247,#2238,#2249,.T.);
#2247 = VERTEX_POINT('',#2248);
#2248 = CARTESIAN_POINT('',(2.3,-2.7,4.7));
#2249 = LINE('',#2250,#2251);
#2250 = CARTESIAN_POINT('',(2.3,-2.7,4.7));
#2251 = VECTOR('',#2252,1.);
#2252 = DIRECTION('',(3.779482637022E-16,-2.22044604925E-16,-1.));
#2253 = ORIENTED_EDGE('',*,*,#2254,.T.);
#2254 = EDGE_CURVE('',#2247,#2255,#2257,.T.);
#2255 = VERTEX_POINT('',#2256);
#2256 = CARTESIAN_POINT('',(2.3,-4.7,4.7));
#2257 = LINE('',#2258,#2259);
#2258 = CARTESIAN_POINT('',(2.3,-2.7,4.7));
#2259 = VECTOR('',#2260,1.);
#2260 = DIRECTION('',(0.,-1.,2.22044604925E-16));
#2261 = ORIENTED_EDGE('',*,*,#2262,.T.);
#2262 = EDGE_CURVE('',#2255,#2263,#2265,.T.);
#2263 = VERTEX_POINT('',#2264);
#2264 = CARTESIAN_POINT('',(2.3,-4.7,4.440892098501E-16));
#2265 = LINE('',#2266,#2267);
#2266 = CARTESIAN_POINT('',(2.3,-4.7,4.7));
#2267 = VECTOR('',#2268,1.);
#2268 = DIRECTION('',(3.779482637022E-16,-2.22044604925E-16,-1.));
#2269 = ORIENTED_EDGE('',*,*,#2270,.F.);
#2270 = EDGE_CURVE('',#2211,#2263,#2271,.T.);
#2271 = LINE('',#2272,#2273);
#2272 = CARTESIAN_POINT('',(2.3,-2.7,0.));
#2273 = VECTOR('',#2274,1.);
#2274 = DIRECTION('',(0.,-1.,2.22044604925E-16));
#2275 = PLANE('',#2276);
#2276 = AXIS2_PLACEMENT_3D('',#2277,#2278,#2279);
#2277 = CARTESIAN_POINT('',(2.3,-3.564130434783,1.235869565217));
#2278 = DIRECTION('',(1.,2.481071580427E-16,0.));
#2279 = DIRECTION('',(-2.481071580427E-16,1.,0.));
#2280 = ADVANCED_FACE('',(#2281),#2293,.F.);
#2281 = FACE_BOUND('',#2282,.T.);
#2282 = EDGE_LOOP('',(#2283,#2284,#2285,#2292));
#2283 = ORIENTED_EDGE('',*,*,#2040,.F.);
#2284 = ORIENTED_EDGE('',*,*,#2106,.T.);
#2285 = ORIENTED_EDGE('',*,*,#2286,.F.);
#2286 = EDGE_CURVE('',#2193,#2099,#2287,.T.);
#2287 = ELLIPSE('',#2288,7.778619134298E-02,5.E-02);
#2288 = AXIS2_PLACEMENT_3D('',#2289,#2290,#2291);
#2289 = CARTESIAN_POINT('',(2.35,-3.74041232037,2.05));
#2290 = DIRECTION('',(0.,-0.642787609687,0.766044443119));
#2291 = DIRECTION('',(0.,-0.766044443119,-0.642787609687));
#2292 = ORIENTED_EDGE('',*,*,#2202,.F.);
#2293 = CYLINDRICAL_SURFACE('',#2294,5.E-02);
#2294 = AXIS2_PLACEMENT_3D('',#2295,#2296,#2297);
#2295 = CARTESIAN_POINT('',(2.35,-4.6,2.05));
#2296 = DIRECTION('',(0.,1.,0.));
#2297 = DIRECTION('',(-1.,0.,0.));
#2298 = ADVANCED_FACE('',(#2299),#2317,.T.);
#2299 = FACE_BOUND('',#2300,.T.);
#2300 = EDGE_LOOP('',(#2301,#2309,#2310,#2311));
#2301 = ORIENTED_EDGE('',*,*,#2302,.F.);
#2302 = EDGE_CURVE('',#2066,#2303,#2305,.T.);
#2303 = VERTEX_POINT('',#2304);
#2304 = CARTESIAN_POINT('',(2.6,-3.919175359259,1.9));
#2305 = LINE('',#2306,#2307);
#2306 = CARTESIAN_POINT('',(2.6,-4.6,1.9));
#2307 = VECTOR('',#2308,1.);
#2308 = DIRECTION('',(0.,1.,0.));
#2309 = ORIENTED_EDGE('',*,*,#2065,.F.);
#2310 = ORIENTED_EDGE('',*,*,#2176,.F.);
#2311 = ORIENTED_EDGE('',*,*,#2312,.F.);
#2312 = EDGE_CURVE('',#2303,#2168,#2313,.T.);
#2313 = LINE('',#2314,#2315);
#2314 = CARTESIAN_POINT('',(2.6,-3.898480775301,2.017364817767));
#2315 = VECTOR('',#2316,1.);
#2316 = DIRECTION('',(0.,-0.173648177666,-0.984807753012));
#2317 = PLANE('',#2318);
#2318 = AXIS2_PLACEMENT_3D('',#2319,#2320,#2321);
#2319 = CARTESIAN_POINT('',(2.6,-4.2,1.553787755593));
#2320 = DIRECTION('',(1.,0.,0.));
#2321 = DIRECTION('',(0.,0.,1.));
#2322 = ADVANCED_FACE('',(#2323),#2335,.T.);
#2323 = FACE_BOUND('',#2324,.T.);
#2324 = EDGE_LOOP('',(#2325,#2326,#2327,#2334));
#2325 = ORIENTED_EDGE('',*,*,#2073,.T.);
#2326 = ORIENTED_EDGE('',*,*,#2302,.T.);
#2327 = ORIENTED_EDGE('',*,*,#2328,.F.);
#2328 = EDGE_CURVE('',#2091,#2303,#2329,.T.);
#2329 = ELLIPSE('',#2330,0.155572382686,0.1);
#2330 = AXIS2_PLACEMENT_3D('',#2331,#2332,#2333);
#2331 = CARTESIAN_POINT('',(2.5,-3.919175359259,1.9));
#2332 = DIRECTION('',(0.,0.642787609687,-0.766044443119));
#2333 = DIRECTION('',(0.,0.766044443119,0.642787609687));
#2334 = ORIENTED_EDGE('',*,*,#2090,.F.);
#2335 = CYLINDRICAL_SURFACE('',#2336,0.1);
#2336 = AXIS2_PLACEMENT_3D('',#2337,#2338,#2339);
#2337 = CARTESIAN_POINT('',(2.5,-4.6,1.9));
#2338 = DIRECTION('',(0.,1.,0.));
#2339 = DIRECTION('',(0.,0.,1.));
#2340 = ADVANCED_FACE('',(#2341),#2347,.F.);
#2341 = FACE_BOUND('',#2342,.T.);
#2342 = EDGE_LOOP('',(#2343,#2344,#2345,#2346));
#2343 = ORIENTED_EDGE('',*,*,#2286,.T.);
#2344 = ORIENTED_EDGE('',*,*,#2128,.T.);
#2345 = ORIENTED_EDGE('',*,*,#2142,.F.);
#2346 = ORIENTED_EDGE('',*,*,#2192,.F.);
#2347 = CYLINDRICAL_SURFACE('',#2348,5.E-02);
#2348 = AXIS2_PLACEMENT_3D('',#2349,#2350,#2351);
#2349 = CARTESIAN_POINT('',(2.35,-3.750759612349,1.991317591117));
#2350 = DIRECTION('',(0.,-0.173648177666,-0.984807753012));
#2351 = DIRECTION('',(-1.,-2.406258118099E-16,4.242882287675E-17));
#2352 = ADVANCED_FACE('',(#2353),#2359,.T.);
#2353 = FACE_BOUND('',#2354,.T.);
#2354 = EDGE_LOOP('',(#2355,#2356,#2357,#2358));
#2355 = ORIENTED_EDGE('',*,*,#2328,.T.);
#2356 = ORIENTED_EDGE('',*,*,#2312,.T.);
#2357 = ORIENTED_EDGE('',*,*,#2167,.F.);
#2358 = ORIENTED_EDGE('',*,*,#2121,.F.);
#2359 = CYLINDRICAL_SURFACE('',#2360,0.1);
#2360 = AXIS2_PLACEMENT_3D('',#2361,#2362,#2363);
#2361 = CARTESIAN_POINT('',(2.5,-3.898480775301,2.017364817767));
#2362 = DIRECTION('',(0.,-0.173648177666,-0.984807753012));
#2363 = DIRECTION('',(0.,0.984807753012,-0.173648177666));
#2364 = ADVANCED_FACE('',(#2365),#2390,.F.);
#2365 = FACE_BOUND('',#2366,.F.);
#2366 = EDGE_LOOP('',(#2367,#2368,#2376,#2384));
#2367 = ORIENTED_EDGE('',*,*,#2210,.T.);
#2368 = ORIENTED_EDGE('',*,*,#2369,.T.);
#2369 = EDGE_CURVE('',#2213,#2370,#2372,.T.);
#2370 = VERTEX_POINT('',#2371);
#2371 = CARTESIAN_POINT('',(2.1,-3.7,-2.05));
#2372 = LINE('',#2373,#2374);
#2373 = CARTESIAN_POINT('',(2.3,-3.7,-2.05));
#2374 = VECTOR('',#2375,1.);
#2375 = DIRECTION('',(-1.,0.,0.));
#2376 = ORIENTED_EDGE('',*,*,#2377,.F.);
#2377 = EDGE_CURVE('',#2378,#2370,#2380,.T.);
#2378 = VERTEX_POINT('',#2379);
#2379 = CARTESIAN_POINT('',(2.1,-3.7,-5.995204332976E-16));
#2380 = LINE('',#2381,#2382);
#2381 = CARTESIAN_POINT('',(2.1,-3.7,-5.995204332976E-16));
#2382 = VECTOR('',#2383,1.);
#2383 = DIRECTION('',(0.,0.,-1.));
#2384 = ORIENTED_EDGE('',*,*,#2385,.F.);
#2385 = EDGE_CURVE('',#2211,#2378,#2386,.T.);
#2386 = LINE('',#2387,#2388);
#2387 = CARTESIAN_POINT('',(2.3,-3.7,-5.995204332976E-16));
#2388 = VECTOR('',#2389,1.);
#2389 = DIRECTION('',(-1.,0.,0.));
#2390 = PLANE('',#2391);
#2391 = AXIS2_PLACEMENT_3D('',#2392,#2393,#2394);
#2392 = CARTESIAN_POINT('',(2.3,-3.7,-5.995204332976E-16));
#2393 = DIRECTION('',(0.,1.,0.));
#2394 = DIRECTION('',(-1.,0.,0.));
#2395 = ADVANCED_FACE('',(#2396),#2415,.T.);
#2396 = FACE_BOUND('',#2397,.F.);
#2397 = EDGE_LOOP('',(#2398,#2399,#2407,#2414));
#2398 = ORIENTED_EDGE('',*,*,#2220,.T.);
#2399 = ORIENTED_EDGE('',*,*,#2400,.T.);
#2400 = EDGE_CURVE('',#2221,#2401,#2403,.T.);
#2401 = VERTEX_POINT('',#2402);
#2402 = CARTESIAN_POINT('',(2.1,-3.25,-2.5));
#2403 = LINE('',#2404,#2405);
#2404 = CARTESIAN_POINT('',(2.3,-3.25,-2.5));
#2405 = VECTOR('',#2406,1.);
#2406 = DIRECTION('',(-1.,0.,0.));
#2407 = ORIENTED_EDGE('',*,*,#2408,.F.);
#2408 = EDGE_CURVE('',#2370,#2401,#2409,.T.);
#2409 = CIRCLE('',#2410,0.45);
#2410 = AXIS2_PLACEMENT_3D('',#2411,#2412,#2413);
#2411 = CARTESIAN_POINT('',(2.1,-3.25,-2.05));
#2412 = DIRECTION('',(1.,-0.,0.));
#2413 = DIRECTION('',(0.,0.,-1.));
#2414 = ORIENTED_EDGE('',*,*,#2369,.F.);
#2415 = CYLINDRICAL_SURFACE('',#2416,0.45);
#2416 = AXIS2_PLACEMENT_3D('',#2417,#2418,#2419);
#2417 = CARTESIAN_POINT('',(2.3,-3.25,-2.05));
#2418 = DIRECTION('',(-1.,0.,0.));
#2419 = DIRECTION('',(0.,-1.,0.));
#2420 = ADVANCED_FACE('',(#2421),#2439,.T.);
#2421 = FACE_BOUND('',#2422,.T.);
#2422 = EDGE_LOOP('',(#2423,#2424,#2425,#2433));
#2423 = ORIENTED_EDGE('',*,*,#2385,.F.);
#2424 = ORIENTED_EDGE('',*,*,#2270,.T.);
#2425 = ORIENTED_EDGE('',*,*,#2426,.T.);
#2426 = EDGE_CURVE('',#2263,#2427,#2429,.T.);
#2427 = VERTEX_POINT('',#2428);
#2428 = CARTESIAN_POINT('',(2.1,-4.7,4.440892098501E-16));
#2429 = LINE('',#2430,#2431);
#2430 = CARTESIAN_POINT('',(2.3,-4.7,4.440892098501E-16));
#2431 = VECTOR('',#2432,1.);
#2432 = DIRECTION('',(-1.,0.,0.));
#2433 = ORIENTED_EDGE('',*,*,#2434,.F.);
#2434 = EDGE_CURVE('',#2378,#2427,#2435,.T.);
#2435 = LINE('',#2436,#2437);
#2436 = CARTESIAN_POINT('',(2.1,-2.7,0.));
#2437 = VECTOR('',#2438,1.);
#2438 = DIRECTION('',(0.,-1.,2.22044604925E-16));
#2439 = PLANE('',#2440);
#2440 = AXIS2_PLACEMENT_3D('',#2441,#2442,#2443);
#2441 = CARTESIAN_POINT('',(2.3,-2.7,0.));
#2442 = DIRECTION('',(-0.,-2.22044604925E-16,-1.));
#2443 = DIRECTION('',(-1.,0.,0.));
#2444 = ADVANCED_FACE('',(#2445),#2463,.F.);
#2445 = FACE_BOUND('',#2446,.F.);
#2446 = EDGE_LOOP('',(#2447,#2448,#2456,#2462));
#2447 = ORIENTED_EDGE('',*,*,#2229,.F.);
#2448 = ORIENTED_EDGE('',*,*,#2449,.F.);
#2449 = EDGE_CURVE('',#2450,#2230,#2452,.T.);
#2450 = VERTEX_POINT('',#2451);
#2451 = CARTESIAN_POINT('',(2.1,-3.15,-2.5));
#2452 = LINE('',#2453,#2454);
#2453 = CARTESIAN_POINT('',(2.1,-3.15,-2.5));
#2454 = VECTOR('',#2455,1.);
#2455 = DIRECTION('',(1.,0.,0.));
#2456 = ORIENTED_EDGE('',*,*,#2457,.F.);
#2457 = EDGE_CURVE('',#2401,#2450,#2458,.T.);
#2458 = LINE('',#2459,#2460);
#2459 = CARTESIAN_POINT('',(2.1,-3.7,-2.5));
#2460 = VECTOR('',#2461,1.);
#2461 = DIRECTION('',(0.,1.,0.));
#2462 = ORIENTED_EDGE('',*,*,#2400,.F.);
#2463 = PLANE('',#2464);
#2464 = AXIS2_PLACEMENT_3D('',#2465,#2466,#2467);
#2465 = CARTESIAN_POINT('',(2.2,-3.2,-2.5));
#2466 = DIRECTION('',(0.,0.,1.));
#2467 = DIRECTION('',(1.,0.,0.));
#2468 = ADVANCED_FACE('',(#2469),#2555,.F.);
#2469 = FACE_BOUND('',#2470,.F.);
#2470 = EDGE_LOOP('',(#2471,#2481,#2490,#2498,#2505,#2506,#2507,#2515,
    #2524,#2532,#2541,#2549));
#2471 = ORIENTED_EDGE('',*,*,#2472,.T.);
#2472 = EDGE_CURVE('',#2473,#2475,#2477,.T.);
#2473 = VERTEX_POINT('',#2474);
#2474 = CARTESIAN_POINT('',(0.8,-4.7,4.056438241627));
#2475 = VERTEX_POINT('',#2476);
#2476 = CARTESIAN_POINT('',(0.8,-4.7,4.7));
#2477 = LINE('',#2478,#2479);
#2478 = CARTESIAN_POINT('',(0.8,-4.7,4.056438241627));
#2479 = VECTOR('',#2480,1.);
#2480 = DIRECTION('',(3.450245482058E-16,2.22044604925E-16,1.));
#2481 = ORIENTED_EDGE('',*,*,#2482,.F.);
#2482 = EDGE_CURVE('',#2483,#2475,#2485,.T.);
#2483 = VERTEX_POINT('',#2484);
#2484 = CARTESIAN_POINT('',(1.1,-4.7,5.));
#2485 = CIRCLE('',#2486,0.3);
#2486 = AXIS2_PLACEMENT_3D('',#2487,#2488,#2489);
#2487 = CARTESIAN_POINT('',(1.1,-4.7,4.7));
#2488 = DIRECTION('',(0.,-1.,2.22044604925E-16));
#2489 = DIRECTION('',(1.,0.,0.));
#2490 = ORIENTED_EDGE('',*,*,#2491,.T.);
#2491 = EDGE_CURVE('',#2483,#2492,#2494,.T.);
#2492 = VERTEX_POINT('',#2493);
#2493 = CARTESIAN_POINT('',(2.,-4.7,5.));
#2494 = LINE('',#2495,#2496);
#2495 = CARTESIAN_POINT('',(1.1,-4.7,5.));
#2496 = VECTOR('',#2497,1.);
#2497 = DIRECTION('',(1.,0.,0.));
#2498 = ORIENTED_EDGE('',*,*,#2499,.F.);
#2499 = EDGE_CURVE('',#2255,#2492,#2500,.T.);
#2500 = CIRCLE('',#2501,0.3);
#2501 = AXIS2_PLACEMENT_3D('',#2502,#2503,#2504);
#2502 = CARTESIAN_POINT('',(2.,-4.7,4.7));
#2503 = DIRECTION('',(0.,-1.,2.22044604925E-16));
#2504 = DIRECTION('',(1.,0.,0.));
#2505 = ORIENTED_EDGE('',*,*,#2262,.T.);
#2506 = ORIENTED_EDGE('',*,*,#2426,.T.);
#2507 = ORIENTED_EDGE('',*,*,#2508,.T.);
#2508 = EDGE_CURVE('',#2427,#2509,#2511,.T.);
#2509 = VERTEX_POINT('',#2510);
#2510 = CARTESIAN_POINT('',(2.1,-4.7,4.7));
#2511 = LINE('',#2512,#2513);
#2512 = CARTESIAN_POINT('',(2.1,-4.7,4.440892098501E-16));
#2513 = VECTOR('',#2514,1.);
#2514 = DIRECTION('',(0.,2.22044604925E-16,1.));
#2515 = ORIENTED_EDGE('',*,*,#2516,.T.);
#2516 = EDGE_CURVE('',#2509,#2517,#2519,.T.);
#2517 = VERTEX_POINT('',#2518);
#2518 = CARTESIAN_POINT('',(2.,-4.7,4.8));
#2519 = CIRCLE('',#2520,0.1);
#2520 = AXIS2_PLACEMENT_3D('',#2521,#2522,#2523);
#2521 = CARTESIAN_POINT('',(2.,-4.7,4.7));
#2522 = DIRECTION('',(0.,-1.,2.22044604925E-16));
#2523 = DIRECTION('',(1.,0.,0.));
#2524 = ORIENTED_EDGE('',*,*,#2525,.T.);
#2525 = EDGE_CURVE('',#2517,#2526,#2528,.T.);
#2526 = VERTEX_POINT('',#2527);
#2527 = CARTESIAN_POINT('',(1.1,-4.7,4.8));
#2528 = LINE('',#2529,#2530);
#2529 = CARTESIAN_POINT('',(2.,-4.7,4.8));
#2530 = VECTOR('',#2531,1.);
#2531 = DIRECTION('',(-1.,0.,0.));
#2532 = ORIENTED_EDGE('',*,*,#2533,.T.);
#2533 = EDGE_CURVE('',#2526,#2534,#2536,.T.);
#2534 = VERTEX_POINT('',#2535);
#2535 = CARTESIAN_POINT('',(1.,-4.7,4.7));
#2536 = CIRCLE('',#2537,1.E-01);
#2537 = AXIS2_PLACEMENT_3D('',#2538,#2539,#2540);
#2538 = CARTESIAN_POINT('',(1.1,-4.7,4.7));
#2539 = DIRECTION('',(0.,-1.,2.22044604925E-16));
#2540 = DIRECTION('',(1.,0.,0.));
#2541 = ORIENTED_EDGE('',*,*,#2542,.T.);
#2542 = EDGE_CURVE('',#2534,#2543,#2545,.T.);
#2543 = VERTEX_POINT('',#2544);
#2544 = CARTESIAN_POINT('',(1.,-4.7,4.056438241627));
#2545 = LINE('',#2546,#2547);
#2546 = CARTESIAN_POINT('',(1.,-4.7,4.7));
#2547 = VECTOR('',#2548,1.);
#2548 = DIRECTION('',(0.,-2.22044604925E-16,-1.));
#2549 = ORIENTED_EDGE('',*,*,#2550,.T.);
#2550 = EDGE_CURVE('',#2543,#2473,#2551,.T.);
#2551 = LINE('',#2552,#2553);
#2552 = CARTESIAN_POINT('',(1.,-4.7,4.056438241627));
#2553 = VECTOR('',#2554,1.);
#2554 = DIRECTION('',(-1.,0.,0.));
#2555 = PLANE('',#2556);
#2556 = AXIS2_PLACEMENT_3D('',#2557,#2558,#2559);
#2557 = CARTESIAN_POINT('',(1.923218198369,-4.7,3.070800640787));
#2558 = DIRECTION('',(0.,1.,0.));
#2559 = DIRECTION('',(0.,0.,1.));
#2560 = ADVANCED_FACE('',(#2561),#2580,.T.);
#2561 = FACE_BOUND('',#2562,.T.);
#2562 = EDGE_LOOP('',(#2563,#2572,#2578,#2579));
#2563 = ORIENTED_EDGE('',*,*,#2564,.T.);
#2564 = EDGE_CURVE('',#2450,#2565,#2567,.T.);
#2565 = VERTEX_POINT('',#2566);
#2566 = CARTESIAN_POINT('',(2.1,-2.7,-2.05));
#2567 = CIRCLE('',#2568,0.45);
#2568 = AXIS2_PLACEMENT_3D('',#2569,#2570,#2571);
#2569 = CARTESIAN_POINT('',(2.1,-3.15,-2.05));
#2570 = DIRECTION('',(1.,0.,-0.));
#2571 = DIRECTION('',(0.,0.,1.));
#2572 = ORIENTED_EDGE('',*,*,#2573,.T.);
#2573 = EDGE_CURVE('',#2565,#2238,#2574,.T.);
#2574 = LINE('',#2575,#2576);
#2575 = CARTESIAN_POINT('',(2.1,-2.7,-2.05));
#2576 = VECTOR('',#2577,1.);
#2577 = DIRECTION('',(1.,0.,0.));
#2578 = ORIENTED_EDGE('',*,*,#2237,.F.);
#2579 = ORIENTED_EDGE('',*,*,#2449,.F.);
#2580 = CYLINDRICAL_SURFACE('',#2581,0.45);
#2581 = AXIS2_PLACEMENT_3D('',#2582,#2583,#2584);
#2582 = CARTESIAN_POINT('',(2.1,-3.15,-2.05));
#2583 = DIRECTION('',(1.,0.,0.));
#2584 = DIRECTION('',(0.,0.,-1.));
#2585 = ADVANCED_FACE('',(#2586),#2605,.T.);
#2586 = FACE_BOUND('',#2587,.F.);
#2587 = EDGE_LOOP('',(#2588,#2589,#2590,#2598));
#2588 = ORIENTED_EDGE('',*,*,#2254,.T.);
#2589 = ORIENTED_EDGE('',*,*,#2499,.T.);
#2590 = ORIENTED_EDGE('',*,*,#2591,.F.);
#2591 = EDGE_CURVE('',#2592,#2492,#2594,.T.);
#2592 = VERTEX_POINT('',#2593);
#2593 = CARTESIAN_POINT('',(2.,-2.7,5.));
#2594 = LINE('',#2595,#2596);
#2595 = CARTESIAN_POINT('',(2.,-2.7,5.));
#2596 = VECTOR('',#2597,1.);
#2597 = DIRECTION('',(0.,-1.,2.22044604925E-16));
#2598 = ORIENTED_EDGE('',*,*,#2599,.F.);
#2599 = EDGE_CURVE('',#2247,#2592,#2600,.T.);
#2600 = CIRCLE('',#2601,0.3);
#2601 = AXIS2_PLACEMENT_3D('',#2602,#2603,#2604);
#2602 = CARTESIAN_POINT('',(2.,-2.7,4.7));
#2603 = DIRECTION('',(0.,-1.,2.22044604925E-16));
#2604 = DIRECTION('',(1.,0.,0.));
#2605 = CYLINDRICAL_SURFACE('',#2606,0.3);
#2606 = AXIS2_PLACEMENT_3D('',#2607,#2608,#2609);
#2607 = CARTESIAN_POINT('',(2.,-2.7,4.7));
#2608 = DIRECTION('',(0.,1.,-2.22044604925E-16));
#2609 = DIRECTION('',(1.,0.,0.));
#2610 = ADVANCED_FACE('',(#2611),#2689,.T.);
#2611 = FACE_BOUND('',#2612,.T.);
#2612 = EDGE_LOOP('',(#2613,#2614,#2615,#2623,#2632,#2640,#2649,#2657,
    #2665,#2673,#2682,#2688));
#2613 = ORIENTED_EDGE('',*,*,#2246,.T.);
#2614 = ORIENTED_EDGE('',*,*,#2573,.F.);
#2615 = ORIENTED_EDGE('',*,*,#2616,.F.);
#2616 = EDGE_CURVE('',#2617,#2565,#2619,.T.);
#2617 = VERTEX_POINT('',#2618);
#2618 = CARTESIAN_POINT('',(2.1,-2.7,4.7));
#2619 = LINE('',#2620,#2621);
#2620 = CARTESIAN_POINT('',(2.1,-2.7,-5.995204332976E-16));
#2621 = VECTOR('',#2622,1.);
#2622 = DIRECTION('',(0.,0.,-1.));
#2623 = ORIENTED_EDGE('',*,*,#2624,.T.);
#2624 = EDGE_CURVE('',#2617,#2625,#2627,.T.);
#2625 = VERTEX_POINT('',#2626);
#2626 = CARTESIAN_POINT('',(2.,-2.7,4.8));
#2627 = CIRCLE('',#2628,0.1);
#2628 = AXIS2_PLACEMENT_3D('',#2629,#2630,#2631);
#2629 = CARTESIAN_POINT('',(2.,-2.7,4.7));
#2630 = DIRECTION('',(0.,-1.,2.22044604925E-16));
#2631 = DIRECTION('',(1.,0.,0.));
#2632 = ORIENTED_EDGE('',*,*,#2633,.T.);
#2633 = EDGE_CURVE('',#2625,#2634,#2636,.T.);
#2634 = VERTEX_POINT('',#2635);
#2635 = CARTESIAN_POINT('',(1.1,-2.7,4.8));
#2636 = LINE('',#2637,#2638);
#2637 = CARTESIAN_POINT('',(2.,-2.7,4.8));
#2638 = VECTOR('',#2639,1.);
#2639 = DIRECTION('',(-1.,0.,0.));
#2640 = ORIENTED_EDGE('',*,*,#2641,.T.);
#2641 = EDGE_CURVE('',#2634,#2642,#2644,.T.);
#2642 = VERTEX_POINT('',#2643);
#2643 = CARTESIAN_POINT('',(1.,-2.7,4.7));
#2644 = CIRCLE('',#2645,1.E-01);
#2645 = AXIS2_PLACEMENT_3D('',#2646,#2647,#2648);
#2646 = CARTESIAN_POINT('',(1.1,-2.7,4.7));
#2647 = DIRECTION('',(0.,-1.,2.22044604925E-16));
#2648 = DIRECTION('',(1.,0.,0.));
#2649 = ORIENTED_EDGE('',*,*,#2650,.T.);
#2650 = EDGE_CURVE('',#2642,#2651,#2653,.T.);
#2651 = VERTEX_POINT('',#2652);
#2652 = CARTESIAN_POINT('',(1.,-2.7,4.056438241627));
#2653 = LINE('',#2654,#2655);
#2654 = CARTESIAN_POINT('',(1.,-2.7,4.7));
#2655 = VECTOR('',#2656,1.);
#2656 = DIRECTION('',(0.,-2.22044604925E-16,-1.));
#2657 = ORIENTED_EDGE('',*,*,#2658,.T.);
#2658 = EDGE_CURVE('',#2651,#2659,#2661,.T.);
#2659 = VERTEX_POINT('',#2660);
#2660 = CARTESIAN_POINT('',(0.8,-2.7,4.056438241627));
#2661 = LINE('',#2662,#2663);
#2662 = CARTESIAN_POINT('',(1.,-2.7,4.056438241627));
#2663 = VECTOR('',#2664,1.);
#2664 = DIRECTION('',(-1.,0.,0.));
#2665 = ORIENTED_EDGE('',*,*,#2666,.T.);
#2666 = EDGE_CURVE('',#2659,#2667,#2669,.T.);
#2667 = VERTEX_POINT('',#2668);
#2668 = CARTESIAN_POINT('',(0.8,-2.7,4.7));
#2669 = LINE('',#2670,#2671);
#2670 = CARTESIAN_POINT('',(0.8,-2.7,4.056438241627));
#2671 = VECTOR('',#2672,1.);
#2672 = DIRECTION('',(3.450245482058E-16,2.22044604925E-16,1.));
#2673 = ORIENTED_EDGE('',*,*,#2674,.F.);
#2674 = EDGE_CURVE('',#2675,#2667,#2677,.T.);
#2675 = VERTEX_POINT('',#2676);
#2676 = CARTESIAN_POINT('',(1.1,-2.7,5.));
#2677 = CIRCLE('',#2678,0.3);
#2678 = AXIS2_PLACEMENT_3D('',#2679,#2680,#2681);
#2679 = CARTESIAN_POINT('',(1.1,-2.7,4.7));
#2680 = DIRECTION('',(0.,-1.,2.22044604925E-16));
#2681 = DIRECTION('',(1.,0.,0.));
#2682 = ORIENTED_EDGE('',*,*,#2683,.T.);
#2683 = EDGE_CURVE('',#2675,#2592,#2684,.T.);
#2684 = LINE('',#2685,#2686);
#2685 = CARTESIAN_POINT('',(1.1,-2.7,5.));
#2686 = VECTOR('',#2687,1.);
#2687 = DIRECTION('',(1.,0.,0.));
#2688 = ORIENTED_EDGE('',*,*,#2599,.F.);
#2689 = PLANE('',#2690);
#2690 = AXIS2_PLACEMENT_3D('',#2691,#2692,#2693);
#2691 = CARTESIAN_POINT('',(1.995562601959,-2.7,1.915304925876));
#2692 = DIRECTION('',(0.,1.,0.));
#2693 = DIRECTION('',(0.,0.,1.));
#2694 = ADVANCED_FACE('',(#2695),#2710,.T.);
#2695 = FACE_BOUND('',#2696,.T.);
#2696 = EDGE_LOOP('',(#2697,#2698,#2699,#2700,#2701,#2702,#2703,#2704));
#2697 = ORIENTED_EDGE('',*,*,#2616,.T.);
#2698 = ORIENTED_EDGE('',*,*,#2564,.F.);
#2699 = ORIENTED_EDGE('',*,*,#2457,.F.);
#2700 = ORIENTED_EDGE('',*,*,#2408,.F.);
#2701 = ORIENTED_EDGE('',*,*,#2377,.F.);
#2702 = ORIENTED_EDGE('',*,*,#2434,.T.);
#2703 = ORIENTED_EDGE('',*,*,#2508,.T.);
#2704 = ORIENTED_EDGE('',*,*,#2705,.F.);
#2705 = EDGE_CURVE('',#2617,#2509,#2706,.T.);
#2706 = LINE('',#2707,#2708);
#2707 = CARTESIAN_POINT('',(2.1,-2.7,4.7));
#2708 = VECTOR('',#2709,1.);
#2709 = DIRECTION('',(0.,-1.,2.22044604925E-16));
#2710 = PLANE('',#2711);
#2711 = AXIS2_PLACEMENT_3D('',#2712,#2713,#2714);
#2712 = CARTESIAN_POINT('',(2.1,-3.564130434783,1.235869565217));
#2713 = DIRECTION('',(-1.,-0.,-0.));
#2714 = DIRECTION('',(0.,0.,-1.));
#2715 = ADVANCED_FACE('',(#2716),#2732,.T.);
#2716 = FACE_BOUND('',#2717,.T.);
#2717 = EDGE_LOOP('',(#2718,#2724,#2725,#2731));
#2718 = ORIENTED_EDGE('',*,*,#2719,.T.);
#2719 = EDGE_CURVE('',#2659,#2473,#2720,.T.);
#2720 = LINE('',#2721,#2722);
#2721 = CARTESIAN_POINT('',(0.8,-2.7,4.056438241627));
#2722 = VECTOR('',#2723,1.);
#2723 = DIRECTION('',(0.,-1.,2.22044604925E-16));
#2724 = ORIENTED_EDGE('',*,*,#2472,.T.);
#2725 = ORIENTED_EDGE('',*,*,#2726,.F.);
#2726 = EDGE_CURVE('',#2667,#2475,#2727,.T.);
#2727 = LINE('',#2728,#2729);
#2728 = CARTESIAN_POINT('',(0.8,-2.7,4.7));
#2729 = VECTOR('',#2730,1.);
#2730 = DIRECTION('',(0.,-1.,2.22044604925E-16));
#2731 = ORIENTED_EDGE('',*,*,#2666,.F.);
#2732 = PLANE('',#2733);
#2733 = AXIS2_PLACEMENT_3D('',#2734,#2735,#2736);
#2734 = CARTESIAN_POINT('',(0.8,-2.7,4.056438241627));
#2735 = DIRECTION('',(-1.,7.661083949579E-32,3.450245482058E-16));
#2736 = DIRECTION('',(3.450245482058E-16,2.22044604925E-16,1.));
#2737 = ADVANCED_FACE('',(#2738),#2749,.T.);
#2738 = FACE_BOUND('',#2739,.F.);
#2739 = EDGE_LOOP('',(#2740,#2746,#2747,#2748));
#2740 = ORIENTED_EDGE('',*,*,#2741,.T.);
#2741 = EDGE_CURVE('',#2675,#2483,#2742,.T.);
#2742 = LINE('',#2743,#2744);
#2743 = CARTESIAN_POINT('',(1.1,-2.7,5.));
#2744 = VECTOR('',#2745,1.);
#2745 = DIRECTION('',(0.,-1.,2.22044604925E-16));
#2746 = ORIENTED_EDGE('',*,*,#2482,.T.);
#2747 = ORIENTED_EDGE('',*,*,#2726,.F.);
#2748 = ORIENTED_EDGE('',*,*,#2674,.F.);
#2749 = CYLINDRICAL_SURFACE('',#2750,0.3);
#2750 = AXIS2_PLACEMENT_3D('',#2751,#2752,#2753);
#2751 = CARTESIAN_POINT('',(1.1,-2.7,4.7));
#2752 = DIRECTION('',(0.,1.,-2.22044604925E-16));
#2753 = DIRECTION('',(1.,0.,0.));
#2754 = ADVANCED_FACE('',(#2755),#2761,.T.);
#2755 = FACE_BOUND('',#2756,.T.);
#2756 = EDGE_LOOP('',(#2757,#2758,#2759,#2760));
#2757 = ORIENTED_EDGE('',*,*,#2741,.T.);
#2758 = ORIENTED_EDGE('',*,*,#2491,.T.);
#2759 = ORIENTED_EDGE('',*,*,#2591,.F.);
#2760 = ORIENTED_EDGE('',*,*,#2683,.F.);
#2761 = PLANE('',#2762);
#2762 = AXIS2_PLACEMENT_3D('',#2763,#2764,#2765);
#2763 = CARTESIAN_POINT('',(1.1,-2.7,5.));
#2764 = DIRECTION('',(0.,2.22044604925E-16,1.));
#2765 = DIRECTION('',(1.,0.,0.));
#2766 = ADVANCED_FACE('',(#2767),#2778,.F.);
#2767 = FACE_BOUND('',#2768,.T.);
#2768 = EDGE_LOOP('',(#2769,#2770,#2771,#2777));
#2769 = ORIENTED_EDGE('',*,*,#2705,.T.);
#2770 = ORIENTED_EDGE('',*,*,#2516,.T.);
#2771 = ORIENTED_EDGE('',*,*,#2772,.F.);
#2772 = EDGE_CURVE('',#2625,#2517,#2773,.T.);
#2773 = LINE('',#2774,#2775);
#2774 = CARTESIAN_POINT('',(2.,-2.7,4.8));
#2775 = VECTOR('',#2776,1.);
#2776 = DIRECTION('',(0.,-1.,2.22044604925E-16));
#2777 = ORIENTED_EDGE('',*,*,#2624,.F.);
#2778 = CYLINDRICAL_SURFACE('',#2779,0.1);
#2779 = AXIS2_PLACEMENT_3D('',#2780,#2781,#2782);
#2780 = CARTESIAN_POINT('',(2.,-2.7,4.7));
#2781 = DIRECTION('',(0.,1.,-2.22044604925E-16));
#2782 = DIRECTION('',(1.,0.,0.));
#2783 = ADVANCED_FACE('',(#2784),#2795,.T.);
#2784 = FACE_BOUND('',#2785,.T.);
#2785 = EDGE_LOOP('',(#2786,#2787,#2788,#2794));
#2786 = ORIENTED_EDGE('',*,*,#2772,.T.);
#2787 = ORIENTED_EDGE('',*,*,#2525,.T.);
#2788 = ORIENTED_EDGE('',*,*,#2789,.F.);
#2789 = EDGE_CURVE('',#2634,#2526,#2790,.T.);
#2790 = LINE('',#2791,#2792);
#2791 = CARTESIAN_POINT('',(1.1,-2.7,4.8));
#2792 = VECTOR('',#2793,1.);
#2793 = DIRECTION('',(0.,-1.,2.22044604925E-16));
#2794 = ORIENTED_EDGE('',*,*,#2633,.F.);
#2795 = PLANE('',#2796);
#2796 = AXIS2_PLACEMENT_3D('',#2797,#2798,#2799);
#2797 = CARTESIAN_POINT('',(2.,-2.7,4.8));
#2798 = DIRECTION('',(-0.,-2.22044604925E-16,-1.));
#2799 = DIRECTION('',(-1.,0.,0.));
#2800 = ADVANCED_FACE('',(#2801),#2812,.F.);
#2801 = FACE_BOUND('',#2802,.T.);
#2802 = EDGE_LOOP('',(#2803,#2804,#2805,#2811));
#2803 = ORIENTED_EDGE('',*,*,#2789,.T.);
#2804 = ORIENTED_EDGE('',*,*,#2533,.T.);
#2805 = ORIENTED_EDGE('',*,*,#2806,.F.);
#2806 = EDGE_CURVE('',#2642,#2534,#2807,.T.);
#2807 = LINE('',#2808,#2809);
#2808 = CARTESIAN_POINT('',(1.,-2.7,4.7));
#2809 = VECTOR('',#2810,1.);
#2810 = DIRECTION('',(0.,-1.,2.22044604925E-16));
#2811 = ORIENTED_EDGE('',*,*,#2641,.F.);
#2812 = CYLINDRICAL_SURFACE('',#2813,1.E-01);
#2813 = AXIS2_PLACEMENT_3D('',#2814,#2815,#2816);
#2814 = CARTESIAN_POINT('',(1.1,-2.7,4.7));
#2815 = DIRECTION('',(0.,1.,-2.22044604925E-16));
#2816 = DIRECTION('',(1.,0.,0.));
#2817 = ADVANCED_FACE('',(#2818),#2829,.T.);
#2818 = FACE_BOUND('',#2819,.T.);
#2819 = EDGE_LOOP('',(#2820,#2821,#2822,#2828));
#2820 = ORIENTED_EDGE('',*,*,#2806,.T.);
#2821 = ORIENTED_EDGE('',*,*,#2542,.T.);
#2822 = ORIENTED_EDGE('',*,*,#2823,.F.);
#2823 = EDGE_CURVE('',#2651,#2543,#2824,.T.);
#2824 = LINE('',#2825,#2826);
#2825 = CARTESIAN_POINT('',(1.,-2.7,4.056438241627));
#2826 = VECTOR('',#2827,1.);
#2827 = DIRECTION('',(0.,-1.,2.22044604925E-16));
#2828 = ORIENTED_EDGE('',*,*,#2650,.F.);
#2829 = PLANE('',#2830);
#2830 = AXIS2_PLACEMENT_3D('',#2831,#2832,#2833);
#2831 = CARTESIAN_POINT('',(1.,-2.7,4.7));
#2832 = DIRECTION('',(1.,0.,0.));
#2833 = DIRECTION('',(0.,-2.22044604925E-16,-1.));
#2834 = ADVANCED_FACE('',(#2835),#2841,.T.);
#2835 = FACE_BOUND('',#2836,.T.);
#2836 = EDGE_LOOP('',(#2837,#2838,#2839,#2840));
#2837 = ORIENTED_EDGE('',*,*,#2823,.T.);
#2838 = ORIENTED_EDGE('',*,*,#2550,.T.);
#2839 = ORIENTED_EDGE('',*,*,#2719,.F.);
#2840 = ORIENTED_EDGE('',*,*,#2658,.F.);
#2841 = PLANE('',#2842);
#2842 = AXIS2_PLACEMENT_3D('',#2843,#2844,#2845);
#2843 = CARTESIAN_POINT('',(1.,-2.7,4.056438241627));
#2844 = DIRECTION('',(-0.,-2.22044604925E-16,-1.));
#2845 = DIRECTION('',(-1.,0.,0.));
#2846 = ( GEOMETRIC_REPRESENTATION_CONTEXT(3) 
GLOBAL_UNCERTAINTY_ASSIGNED_CONTEXT((#2850)) 
GLOBAL_UNIT_ASSIGNED_CONTEXT((#2847,#2848,#2849)) REPRESENTATION_CONTEXT
('Context #1','3D Context with UNIT and UNCERTAINTY') );
#2847 = ( LENGTH_UNIT() NAMED_UNIT(*) SI_UNIT(.MILLI.,.METRE.) );
#2848 = ( NAMED_UNIT(*) PLANE_ANGLE_UNIT() SI_UNIT($,.RADIAN.) );
#2849 = ( NAMED_UNIT(*) SI_UNIT($,.STERADIAN.) SOLID_ANGLE_UNIT() );
#2850 = UNCERTAINTY_MEASURE_WITH_UNIT(LENGTH_MEASURE(5.E-07),#2847,
  'distance_accuracy_value','confusion accuracy');
#2851 = CONTEXT_DEPENDENT_SHAPE_REPRESENTATION(#2852,#2854);
#2852 = ( REPRESENTATION_RELATIONSHIP('','',#1945,#1918) 
REPRESENTATION_RELATIONSHIP_WITH_TRANSFORMATION(#2853) 
SHAPE_REPRESENTATION_RELATIONSHIP() );
#2853 = ITEM_DEFINED_TRANSFORMATION('','',#11,#1919);
#2854 = PRODUCT_DEFINITION_SHAPE('Placement','Placement of an item',
  #2855);
#2855 = NEXT_ASSEMBLY_USAGE_OCCURRENCE('3','0','',#1913,#1940,$);
#2856 = PRODUCT_RELATED_PRODUCT_CATEGORY('part',$,(#1942));
#2857 = CONTEXT_DEPENDENT_SHAPE_REPRESENTATION(#2858,#2860);
#2858 = ( REPRESENTATION_RELATIONSHIP('','',#1945,#1918) 
REPRESENTATION_RELATIONSHIP_WITH_TRANSFORMATION(#2859) 
SHAPE_REPRESENTATION_RELATIONSHIP() );
#2859 = ITEM_DEFINED_TRANSFORMATION('','',#11,#1923);
#2860 = PRODUCT_DEFINITION_SHAPE('Placement','Placement of an item',
  #2861);
#2861 = NEXT_ASSEMBLY_USAGE_OCCURRENCE('4','1','',#1913,#1940,$);
#2862 = SHAPE_DEFINITION_REPRESENTATION(#2863,#2869);
#2863 = PRODUCT_DEFINITION_SHAPE('','',#2864);
#2864 = PRODUCT_DEFINITION('design','',#2865,#2868);
#2865 = PRODUCT_DEFINITION_FORMATION('','',#2866);
#2866 = PRODUCT('Array001','Array001','',(#2867));
#2867 = PRODUCT_CONTEXT('',#2,'mechanical');
#2868 = PRODUCT_DEFINITION_CONTEXT('part definition',#2,'design');
#2869 = SHAPE_REPRESENTATION('',(#11,#2870,#2874),#2878);
#2870 = AXIS2_PLACEMENT_3D('',#2871,#2872,#2873);
#2871 = CARTESIAN_POINT('',(0.,0.,0.));
#2872 = DIRECTION('',(0.,0.,1.));
#2873 = DIRECTION('',(1.,0.,0.));
#2874 = AXIS2_PLACEMENT_3D('',#2875,#2876,#2877);
#2875 = CARTESIAN_POINT('',(-2.755455298082E-16,-4.5,0.));
#2876 = DIRECTION('',(0.,0.,1.));
#2877 = DIRECTION('',(-1.,1.224646799147E-16,0.));
#2878 = ( GEOMETRIC_REPRESENTATION_CONTEXT(3) 
GLOBAL_UNCERTAINTY_ASSIGNED_CONTEXT((#2882)) 
GLOBAL_UNIT_ASSIGNED_CONTEXT((#2879,#2880,#2881)) REPRESENTATION_CONTEXT
('Context #1','3D Context with UNIT and UNCERTAINTY') );
#2879 = ( LENGTH_UNIT() NAMED_UNIT(*) SI_UNIT(.MILLI.,.METRE.) );
#2880 = ( NAMED_UNIT(*) PLANE_ANGLE_UNIT() SI_UNIT($,.RADIAN.) );
#2881 = ( NAMED_UNIT(*) SI_UNIT($,.STERADIAN.) SOLID_ANGLE_UNIT() );
#2882 = UNCERTAINTY_MEASURE_WITH_UNIT(LENGTH_MEASURE(5.E-07),#2879,
  'distance_accuracy_value','confusion accuracy');
#2883 = CONTEXT_DEPENDENT_SHAPE_REPRESENTATION(#2884,#2886);
#2884 = ( REPRESENTATION_RELATIONSHIP('','',#2869,#10) 
REPRESENTATION_RELATIONSHIP_WITH_TRANSFORMATION(#2885) 
SHAPE_REPRESENTATION_RELATIONSHIP() );
#2885 = ITEM_DEFINED_TRANSFORMATION('','',#11,#27);
#2886 = PRODUCT_DEFINITION_SHAPE('Placement','Placement of an item',
  #2887);
#2887 = NEXT_ASSEMBLY_USAGE_OCCURRENCE('8','Array001','',#5,#2864,$);
#2888 = PRODUCT_RELATED_PRODUCT_CATEGORY('part',$,(#2866));
#2889 = CONTEXT_DEPENDENT_SHAPE_REPRESENTATION(#2890,#2892);
#2890 = ( REPRESENTATION_RELATIONSHIP('','',#1945,#2869) 
REPRESENTATION_RELATIONSHIP_WITH_TRANSFORMATION(#2891) 
SHAPE_REPRESENTATION_RELATIONSHIP() );
#2891 = ITEM_DEFINED_TRANSFORMATION('','',#11,#2870);
#2892 = PRODUCT_DEFINITION_SHAPE('Placement','Placement of an item',
  #2893);
#2893 = NEXT_ASSEMBLY_USAGE_OCCURRENCE('6','','',#2864,#1940,$);
#2894 = CONTEXT_DEPENDENT_SHAPE_REPRESENTATION(#2895,#2897);
#2895 = ( REPRESENTATION_RELATIONSHIP('','',#1945,#2869) 
REPRESENTATION_RELATIONSHIP_WITH_TRANSFORMATION(#2896) 
SHAPE_REPRESENTATION_RELATIONSHIP() );
#2896 = ITEM_DEFINED_TRANSFORMATION('','',#11,#2874);
#2897 = PRODUCT_DEFINITION_SHAPE('Placement','Placement of an item',
  #2898);
#2898 = NEXT_ASSEMBLY_USAGE_OCCURRENCE('7','1','',#2864,#1940,$);
#2899 = MECHANICAL_DESIGN_GEOMETRIC_PRESENTATION_REPRESENTATION('',(
    #2900),#1900);
#2900 = STYLED_ITEM('color',(#2901),#1782);
#2901 = PRESENTATION_STYLE_ASSIGNMENT((#2902,#2908));
#2902 = SURFACE_STYLE_USAGE(.BOTH.,#2903);
#2903 = SURFACE_SIDE_STYLE('',(#2904));
#2904 = SURFACE_STYLE_FILL_AREA(#2905);
#2905 = FILL_AREA_STYLE('',(#2906));
#2906 = FILL_AREA_STYLE_COLOUR('',#2907);
#2907 = COLOUR_RGB('',0.759999975995,0.759999975995,0.759999975995);
#2908 = CURVE_STYLE('',#2909,POSITIVE_LENGTH_MEASURE(0.1),#2910);
#2909 = DRAUGHTING_PRE_DEFINED_CURVE_FONT('continuous');
#2910 = COLOUR_RGB('',9.803921802644E-02,9.803921802644E-02,
  9.803921802644E-02);
#2911 = MECHANICAL_DESIGN_GEOMETRIC_PRESENTATION_REPRESENTATION('',(
    #2912),#1763);
#2912 = STYLED_ITEM('color',(#2913),#45);
#2913 = PRESENTATION_STYLE_ASSIGNMENT((#2914,#2920));
#2914 = SURFACE_STYLE_USAGE(.BOTH.,#2915);
#2915 = SURFACE_SIDE_STYLE('',(#2916));
#2916 = SURFACE_STYLE_FILL_AREA(#2917);
#2917 = FILL_AREA_STYLE('',(#2918));
#2918 = FILL_AREA_STYLE_COLOUR('',#2919);
#2919 = COLOUR_RGB('',0.109999998779,0.109999998779,0.109999998779);
#2920 = CURVE_STYLE('',#2921,POSITIVE_LENGTH_MEASURE(0.1),#2910);
#2921 = DRAUGHTING_PRE_DEFINED_CURVE_FONT('continuous');
#2922 = MECHANICAL_DESIGN_GEOMETRIC_PRESENTATION_REPRESENTATION('',(
    #2923),#2846);
#2923 = STYLED_ITEM('color',(#2924),#1946);
#2924 = PRESENTATION_STYLE_ASSIGNMENT((#2925,#2930));
#2925 = SURFACE_STYLE_USAGE(.BOTH.,#2926);
#2926 = SURFACE_SIDE_STYLE('',(#2927));
#2927 = SURFACE_STYLE_FILL_AREA(#2928);
#2928 = FILL_AREA_STYLE('',(#2929));
#2929 = FILL_AREA_STYLE_COLOUR('',#2907);
#2930 = CURVE_STYLE('',#2931,POSITIVE_LENGTH_MEASURE(0.1),#2910);
#2931 = DRAUGHTING_PRE_DEFINED_CURVE_FONT('continuous');
ENDSEC;
END-ISO-10303-21;
